baseline,band,window,n,n_total,total_dB,total_p,brake_dB,brake_p,s_a,s_b,s_b_lo,s_b_hi,lam_star_bounded,lam_star,hdi_lo,hdi_hi,lam0,lam0_lo,lam0_hi,lam1,lam1_lo,lam1_hi,p_cross_in_01
first 60 s,delta,pre-LOC,14,14,3.8482255972105404,0.02750658741301467,0.9979182870651518,0.13724351424297906,1.0107867496849143,0.5894568640522666,0.04362947992254851,1.1676924677802474,True,1.7147764515560697,0.4153705865013808,3.8312640308286325,1.0107867496849143,0.29332176348665495,1.7494924459111845,0.4213298856326477,0.0743780766169885,0.7615561831405253,0.0145
first 60 s,delta,post-LOC,14,14,10.834938162761507,9.575158029701956e-08,4.350829376639749,9.376165173819808e-06,2.7558304726487757,1.2787990481655067,0.9644926189810118,1.5653578228376321,True,2.1550144853502475,1.864817970201302,2.5364269472250784,2.7558304726487757,2.2405342976016067,3.23510545848633,1.477031424483269,1.1324836031075118,1.8078431066784693,0.0
first 60 s,alpha,pre-LOC,14,14,4.898302339749797,0.0011862847035339571,2.4854253691085417,0.04125926439553061,1.402371490685891,0.6525835363630675,0.413915340935895,0.8778784186929833,True,2.1489532183136104,0.9387673584205064,3.694233453638453,1.402371490685891,0.6597053690024172,2.1679845018430703,0.7497879543228235,-0.05971544653226761,1.515800919985324,0.034
first 60 s,alpha,post-LOC,14,14,4.586208710916737,0.00027810704607058787,4.468107940699677,0.002783612405430373,1.3986415968369792,0.21090593598147023,-0.029423395957639556,0.48087343986978326,False,6.63158952984548,-37.35088116330094,48.586588222154106,1.3986415968369792,0.6910667893579076,2.110889849297872,1.187735660855509,0.26385525770610535,2.0344119131701155,0.008
first 60 s,beta,pre-LOC,14,14,5.180893613505058,1.1487999842682628e-05,2.5732301394793597,9.647477164694207e-05,1.7070332837085442,0.4638950127471041,0.18295812588872606,0.7373540929276977,True,3.6797836510459456,1.7743224104739457,6.2305508736717,1.7070332837085442,1.321738624860144,2.0820196848518036,1.24313827096144,0.8661549910912433,1.5742626832534654,0.0
first 60 s,beta,post-LOC,14,14,2.7271527739012362,0.006115181656179211,3.912039548695539,0.00015065693501858774,1.2333658979535351,-0.434051091893785,-0.7690412357034796,-0.07496277401260065,True,-2.8415223944543087,-9.899944372062167,-0.8305968250314868,1.2333658979535351,0.7798374068185078,1.7483922091823665,1.6674169898473201,1.0555046134889543,2.234380115107897,0.0
pre-infusion,delta,pre-LOC,14,14,4.871126614630702,0.004210691027708768,1.186208380225833,0.09074363345212488,1.2515850877876251,0.7670712916718263,0.31282127007559635,1.2674318559172153,True,1.6316411543180094,1.0886068553221417,2.435622739693596,1.2515850877876251,0.6157549927674582,1.9384007064590252,0.4845137961157988,0.12887162799641055,0.8474231057101602,0.0105
pre-infusion,delta,post-LOC,14,14,11.857839180181669,3.051478748954815e-08,4.539119469800429,2.636298877979022e-06,2.996628810751486,1.4564134757850664,1.1257470279884978,1.7797260588241672,True,2.057539881753827,1.774706199790393,2.3912576511363324,2.996628810751486,2.5164023770328305,3.453221236589933,1.5402153349664194,1.227984971871782,1.8406093384375206,0.0
pre-infusion,alpha,pre-LOC,14,14,5.056622740293257,0.0007536469791778556,2.4147491846984126,0.03811002010231316,1.409134990345416,0.6840974795927924,0.481967180008556,0.8729037675641123,True,2.059845317927791,0.9920971116618117,3.2663523037039432,1.409134990345416,0.7067975619616308,2.1277755211579894,0.7250375107526236,-0.02284728485282138,1.4361712119121945,0.026
pre-infusion,alpha,post-LOC,14,14,4.744529111460196,0.0003020126386375012,4.3974317562895475,0.003759066375358789,1.4054050964965041,0.24241987921119496,0.00694289432823496,0.4808340476365326,True,5.79740036613137,0.2505577615307929,34.3277876583085,1.4054050964965041,0.7218290756327611,2.116093031267127,1.1629852172853092,0.2632486452380923,2.0490707272834983,0.007
pre-infusion,beta,pre-LOC,14,14,5.069112057048659,8.694669235026749e-06,2.5682274494454127,0.00011628365921277733,1.7378247124623367,0.4253961112489368,0.17571470402430875,0.6811082263671114,True,4.085191816540566,2.127020328546318,7.127052493025867,1.7378247124623367,1.3270377825741813,2.112218610736601,1.3124286012133999,0.9336716321726257,1.679014302725546,0.0
pre-infusion,beta,post-LOC,14,14,2.6153712174448365,0.007141833652960129,3.9070368586615922,0.00024061067321882817,1.2641573267073274,-0.4725499933919523,-0.8237444708382238,-0.11717091325456275,True,-2.675182191059272,-7.27995314404563,-0.7952571479822819,1.2641573267073274,0.8038340309544749,1.7554295337050574,1.7367073200992797,1.13638436019384,2.3389634140155295,0.0
