baseline,band,window,n,lam0,lam1,lam_star,near_multiple,near_twofold,lam0_env_lo,lam0_env_hi,lam1_env_lo,lam1_env_hi,lam_star_env_lo,lam_star_env_hi,lam0_lo,lam0_hi,lam1_lo,lam1_hi,s_b_lo,s_b_hi,hdi_lo,hdi_hi,p_cross_in_01,lam1_sd_fit,lam1_sd_patients
first 60 s,delta,pre-LOC,14,1.0107867496849143,0.4213298856326477,1.7147764515560697,0.5612244897959183,0.2108843537414966,0.8507035869844898,1.1888213750535288,-0.18561228852025746,0.9034182574943872,0.8208921691662272,4.165411314426795,0.314207791251624,1.783312989127785,-0.06961449248309724,0.8631720468935478,0.11744608630943128,1.212148563200874,0.5580828099491891,3.5639126011360305,0.0465,0.05720657738911915,0.17844690143274053
first 60 s,delta,post-LOC,14,2.7558304726487757,1.477031424483269,2.1550144853502475,0.5804195804195804,0.20279720279720279,2.66507299972567,2.9279922907132674,1.0211429574802244,1.9994815670733068,1.6211596182556798,3.1534286208724778,2.2528840394465375,3.242385050710401,1.1174772820406769,1.8889812439424687,0.9618705666839881,1.529506187818775,1.7778938328288458,2.6074489589629217,0.0,0.0518954520726079,0.166250204430923
first 60 s,alpha,pre-LOC,14,1.402371490685891,0.7497879543228235,2.1489532183136104,0.5476190476190477,0.08163265306122448,1.1970758547903133,1.3082880836556714,0.35740608764566717,0.8103876934227121,1.4256507756150978,2.6276100788825354,0.5632642425680684,2.055968481616897,-0.2270321579747088,1.4089915995067668,0.42958420763705,0.9068974986085435,0.6831844649738799,3.4158573339706186,0.0785,0.1230554193051939,0.3985408180990841
first 60 s,alpha,post-LOC,14,1.3986415968369792,1.187735660855509,6.63158952984548,0.5594405594405595,0.08741258741258741,1.2460575949995203,1.3175473253641472,0.8645044095938035,1.254997269387009,3.2657507332157385,21.063887230503937,0.5630822604457429,2.019507345689838,0.11615801752401685,1.9119272719635134,-0.0007625569523711573,0.505799154465789,0.14780716172765057,56.12091080128899,0.013,0.11872926084910661,0.4463711896960317
first 60 s,beta,pre-LOC,14,1.7070332837085442,1.24313827096144,3.6797836510459456,0.5408163265306123,0.027210884353741496,1.5768319224855876,1.84219106240673,1.012095390127869,1.4756895339860305,2.7921549822577827,5.0264212276138664,1.3465565546804383,2.051991298778088,0.8466957811385353,1.5384794788432326,0.20681062095540642,0.7479507295727723,1.9623687607814295,6.348671116542671,0.0,0.0224039158975663,0.18366297412657667
first 60 s,beta,post-LOC,14,1.2333658979535351,1.6674169898473201,-2.8415223944543087,0.5524475524475524,0.024475524475524476,1.1116188851759485,1.3603693269153239,1.4363780213437711,1.879989659648524,-3.4229025803342092,-2.6180063427460367,0.811373260713497,1.7334044975775735,1.0532508280564195,2.1806359339890116,-0.7276590404260574,-0.0443001815585935,-9.404436457536699,-0.9058944023229987,0.0,0.02163104569227435,0.30299614973518946
pre-infusion,delta,pre-LOC,14,1.2515850877876251,0.4845137961157988,1.6316411543180094,0.5214285714285715,0.18928571428571428,1.117240555261823,1.3461798328073833,-0.02187238518277601,0.7969009481491296,0.9807987562899257,2.450813003024756,0.5840784675914495,1.9102640952880217,-0.07182481150783772,0.8060737199358987,0.4369312533207824,1.365282766826683,0.8716137808620968,2.1619135464327286,0.049,0.04749911035566274,0.18750445447511263
pre-infusion,delta,post-LOC,14,2.996628810751486,1.5402153349664194,2.057539881753827,0.5404411764705882,0.1801470588235294,2.9316099680030026,3.0853507484671217,1.1848828608177058,1.8929642577280488,1.6783445770914063,2.587542522856611,2.5159532874415653,3.4125976556949493,1.2097833375254983,1.8202522343564673,1.1606828727110252,1.7737417880139905,1.7417605893852846,2.3216494528556515,0.0,0.03866533971830821,0.1511879192604043
pre-infusion,alpha,pre-LOC,14,1.409134990345416,0.7250375107526236,2.059845317927791,0.5285714285714286,0.075,1.2319245534069734,1.5016162188132365,0.3812675548525626,0.9432964762058625,1.448203630253417,2.689527351837198,0.6491613030476133,2.0662985088719097,-0.154505669887783,1.3710699315863077,0.5157010603752177,0.9127245367330244,0.8221234758016891,3.1116588190150107,0.052,0.03163582864305555,0.37692951353468435
pre-infusion,alpha,post-LOC,14,1.4054050964965041,1.1629852172853092,5.79740036613137,0.5404411764705882,0.08088235294117647,1.2809062936161806,1.506289795676142,0.8883658768006993,1.3849296382759229,3.2631195126546353,12.411732383542725,0.6793397055931909,2.0171162328951007,0.18840730111409693,1.8992770112679827,0.0386542163111854,0.5232208053616505,0.14401181176572983,22.637172077573886,0.0105,0.029535196517922538,0.4567728623516914
pre-infusion,beta,pre-LOC,14,1.7378247124623367,1.3124286012133999,4.085191816540566,0.5178571428571429,0.02142857142857143,1.6059773243984412,1.8394138433521565,1.0855327436285414,1.4951479599355015,3.085779704003642,5.343003567756866,1.3243384145445696,2.079304973010263,0.862234669015143,1.6611854950637064,0.19315919728593248,0.6972481022280719,1.9397458845588649,7.093034494601965,0.0,0.022130086004864533,0.19678651012785273
pre-infusion,beta,post-LOC,14,1.2641573267073274,1.7367073200992797,-2.675182191059272,0.5294117647058824,0.01838235294117647,1.1407642870888022,1.3575921078607502,1.5098153748444434,1.899448085597995,-3.0910741762780916,-2.5054482438857035,0.8177787493642478,1.7467351042959691,1.095842189228427,2.294635196248944,-0.7959736245872105,-0.08953692902466011,-7.8368677316575726,-0.8227078512036327,0.0,0.020422221492800974,0.3099097397873108
