domain,claim,source,dataset,specification,n,lam0,lam0_lo,lam0_hi,lam1,lam1_lo,lam1_hi,s_b_lo,s_b_hi,lam_star_bounded,lam_star,hdi_lo,hdi_hi,p_cross_in_01,p_cross_in_02,unit,verdict,verdict_crossover
development,"alpha changes with age, eyes closed",Tröndle et al. 2022,"HBN, 5-22 y",knee + plateau,2254,-0.0382070393412299,-0.0551590048200241,-0.0212550738624356,0.0493776254258184,0.0364284084773821,0.0623268423742547,-0.09911437601516705,-0.07636240804541297,True,0.4362297834084341,0.2553699397275404,0.5877036639190504,1.0,1.0,ln per year,reverses,inside
development,"alpha changes with age, eyes open",Tröndle et al. 2022,"HBN, 5-22 y",knee + plateau,1836,-0.1162844213574647,-0.1384765928658389,-0.0940922498490904,-0.0089911634355245,-0.0281249284571133,0.0101426015860641,-0.11938628513531305,-0.0954446263181142,True,1.0837998920870306,0.9224994673484396,1.275783736357305,0.1755,1.0,ln per year,depends on lambda,overlaps
adult aging,"alpha falls with adult age, eyes closed",Politanskaia et al. 2026; Yang et al. 2025,"Dortmund, 20-70 y",knee + plateau,544,-0.0250612058777488,-0.0343531777122237,-0.0156610648949254,-0.0118212647992805,-0.0194509099915772,-0.0040300833502426,-0.0171708492344526,-0.0093896239631311,True,1.8928487467746384,1.3200501963738578,2.476829306178681,0.0005,0.6405,ln per year,holds under both,outside
adult aging,"alpha falls with adult age, eyes open",,"Dortmund, 20-70 y",knee + plateau,347,-0.0259915151125749,-0.037310343658438,-0.0151085104420852,-0.0184113785341467,-0.0278474396897605,-0.0094030390139464,-0.0121772574736098,-0.003046721353641,True,3.42889799460108,1.928108169207098,6.364195817836414,0.0005,0.0125,ln per year,holds under both,outside
adult aging,"alpha lower in older adults, eyes closed",Tröndle et al. 2023; Wilson et al. 2022,"LEMON, 20-35 vs 59-77 y",knee + plateau,203,-0.8106864438133,-1.3047870531426249,-0.3114495641756745,-0.2438100515885733,-0.6194140621823918,0.1196209841765198,-0.7808759608167951,-0.3439697913184987,True,1.430093852791668,0.7753313932885294,2.055502235391937,0.101,0.966,ln,depends on lambda,overlaps
anaesthesia,frontal alpha falls with age under propofol,Purdon et al. 2015; Boncompte et al. 2024,"VitalDB, 18-89 y","power law, 8-12 Hz",2946,-0.2315676824712206,-0.25455259840701,-0.2083010399274535,-0.1285662023209484,-0.1457162397045417,-0.1117477467917343,-0.1176191427879612,-0.0883040103052273,True,2.248197619426237,2.0212781113158287,2.527930270903596,0.0,0.0135,ln per decade,holds under both,outside
anaesthesia,frontal alpha falls with age under sevoflurane,Purdon et al. 2015; Boncompte et al. 2024,"VitalDB, 18-89 y","power law, 8-12 Hz",1328,-0.3137764079773446,-0.3535874203473238,-0.2746025762344383,-0.2048932115612378,-0.2362241223399989,-0.1772524059074783,-0.1318264482903854,-0.0832979364886404,True,2.8817707259274457,2.432702827354736,3.446758521409869,0.0,0.0,ln per decade,holds under both,outside
sedation,alpha shifts frontally in drowsy participants,Chennu et al. 2016,"propofol, baseline vs moderate","power law, 6-25 Hz censored",7,1.140232443845336,0.8400302419223392,1.4702897903483352,0.8855810121185309,0.6503349846423346,1.1122696959865186,0.0405881790261121,0.5199328116250079,True,4.477620393152155,2.246788881785977,11.540441191135182,0.0,0.0,ln,holds under both,outside
sedation,frontal alpha rises with propofol sedation,Chennu et al. 2016,"propofol, baseline vs moderate","power law, 6-25 Hz censored",20,0.4752644982358772,0.0703819255988463,0.9041730979342272,-0.0637752586045933,-0.5089182410019071,0.396115347888404,0.3905842968065923,0.6769727230878109,True,0.8816872822546413,0.149856775388408,1.777302727074964,0.644,0.9745,ln,depends on lambda,overlaps
sedation,posterior alpha falls with propofol sedation,Chennu et al. 2016,"propofol, baseline vs moderate","power law, 6-25 Hz censored",20,-0.2291043282052687,-0.5547279329195166,0.1173313830071754,-0.5760295788182732,-0.8525816478353774,-0.2573318593356256,0.2234015481691746,0.4640264427119315,True,-0.660385278386193,-1.9696133065793855,0.5359321379914331,0.09,0.092,ln,depends on lambda,overlaps
anaesthesia,delta does not rise before loss of consciousness,Brake et al. 2024,"propofol induction, Cz",as in the primary table,14,1.2515850877876251,0.6157549927674582,1.9384007064590247,0.4845137961157988,0.1288716279964105,0.8474231057101602,0.3128212700755963,1.2674318559172153,True,1.6316411543180094,1.0886068553221415,2.435622739693596,0.0105,0.863,ln,holds under both,outside
anaesthesia,alpha rises before loss of consciousness,Brake et al. 2024,"propofol induction, Cz",as in the primary table,14,1.409134990345416,0.7067975619616308,2.1277755211579894,0.7250375107526236,-0.0228472848528213,1.4361712119121943,0.481967180008556,0.8729037675641123,True,2.059845317927791,0.9920971116618116,3.2663523037039432,0.026,0.423,ln,depends on lambda,overlaps
anaesthesia,beta rises before loss of consciousness,Brake et al. 2024,"propofol induction, Cz",as in the primary table,14,1.7378247124623367,1.3270377825741813,2.112218610736601,1.3124286012134,0.9336716321726256,1.679014302725546,0.1757147040243087,0.6811082263671114,True,4.085191816540566,2.127020328546318,7.127052493025867,0.0,0.003,ln,holds under both,outside
