domain,claim,source,dataset,n,lam0,lam0_lo,lam0_hi,lam1,lam1_lo,lam1_hi,s_b_lo,s_b_hi,lam_star_bounded,lam_star,hdi_lo,hdi_hi,p_cross_in_01,p_cross_in_02,unit,verdict,verdict_crossover
development,"alpha changes with age, eyes closed",Tröndle et al. 2022,"HBN, 5-22 y",2350,-0.0511773713517417,-0.0677853057636734,-0.03456943693981,0.0473132782131304,0.0338563309119155,0.0607702255143453,-0.10822405801169405,-0.08856916904083431,True,0.5196165481478848,0.3824243701530871,0.6616954819860558,1.0,1.0,ln per year,reverses,inside
development,"alpha changes with age, eyes open",Tröndle et al. 2022,"HBN, 5-22 y",2110,-0.1067991427613577,-0.1249862215140767,-0.0886120640086387,-0.0017342316328418,-0.0184441389854675,0.0149756757197838,-0.114606342655656,-0.09514273796222707,True,1.0165062875341944,0.8522896228255584,1.164853491342252,0.405,1.0,ln per year,depends on lambda,overlaps
adult aging,"alpha falls with adult age, eyes closed",Politanskaia et al. 2026; Yang et al. 2025,"Dortmund, 20-70 y",573,-0.0278482084610051,-0.0370829755127189,-0.0188769236511035,-0.0191844168935233,-0.0265468136156775,-0.0122476547426107,-0.012136803921773,-0.0050468594325287,True,3.214321148436812,2.3306611570681253,4.507427437875299,0.0,0.002,ln per year,holds under both,outside
adult aging,"alpha falls with adult age, eyes open",,"Dortmund, 20-70 y",454,-0.0333642799330633,-0.0428060381704994,-0.0237220015715393,-0.0306231833104956,-0.0395354027405212,-0.0220102886400464,-0.0058808082626189,0.0004875116249524,False,12.1718729862979,,,0.0,0.0,ln per year,holds under both,unbounded
adult aging,"alpha lower in older adults, eyes closed",Tröndle et al. 2023; Wilson et al. 2022,"LEMON, 20-35 vs 59-77 y",209,-0.9413442856231904,-1.4571681742179037,-0.4682700403268109,-0.6488284564830402,-1.0125328578849089,-0.2983354122280249,-0.5026038613564385,-0.0688005322224339,True,3.218096909115212,1.650034213340451,6.019113157875471,0.0,0.0205,ln,holds under both,outside
anaesthesia,frontal alpha falls with age under propofol,Purdon et al. 2015; Boncompte et al. 2024,"VitalDB, 18-89 y",2945,-0.256807683445057,-0.2794348670426096,-0.2345212147719289,-0.2145406670488425,-0.2311897866244685,-0.1980875323398884,-0.0570350662802336,-0.0270817097721329,True,6.075841290469158,4.356642660850524,8.417137946732986,0.0,0.0,ln per decade,holds under both,outside
anaesthesia,frontal alpha falls with age under sevoflurane,Purdon et al. 2015; Boncompte et al. 2024,"VitalDB, 18-89 y",1331,-0.1745192041480329,-0.2147242906498984,-0.1347554801717815,-0.198995501954882,-0.2356492243793095,-0.1646381787376887,-0.0018491942142367,0.0508107550024959,False,-7.130130770806287,,,0.0,0.0,ln per decade,holds under both,unbounded
sedation,alpha shifts frontally in drowsy participants,Chennu et al. 2016,"propofol, baseline vs moderate",7,1.2049012569116622,0.8857809064158177,1.5469824067493838,0.7281700821674958,0.4910900102317129,0.9288893348229592,0.2793603093999022,0.6936850529899501,True,2.527422834385148,1.8961215642557976,3.373714951241152,0.0,0.0365,ln,holds under both,outside
sedation,frontal alpha rises with propofol sedation,Chennu et al. 2016,"propofol, baseline vs moderate",19,0.372313811443233,-0.1317057712357732,0.9112834949321628,-0.425825257701485,-1.001561425690054,0.1173323422159866,0.6200513865078788,0.9932507726340036,True,0.4664773669608765,-0.17112646190371,1.197464529732506,0.856,0.9245,ln,null under both,overlaps
sedation,posterior alpha falls with propofol sedation,Chennu et al. 2016,"propofol, baseline vs moderate",20,-0.314132611934813,-0.6595354489034669,0.0553122936153401,-0.6834203921490558,-1.0175042312197236,-0.3608744638791924,0.2134526234236124,0.526809668846026,True,-0.8506444804444071,-2.353430006107633,0.2920739460248861,0.051,0.051,ln,depends on lambda,overlaps
anaesthesia,delta does not rise before loss of consciousness,Brake et al. 2024,"propofol induction, Cz",14,1.2515850877876251,0.6157549927674582,1.9384007064590247,0.4845137961157988,0.1288716279964105,0.8474231057101602,0.3128212700755963,1.2674318559172153,True,1.6316411543180094,1.0886068553221415,2.435622739693596,0.0105,0.863,ln,holds under both,outside
anaesthesia,alpha rises before loss of consciousness,Brake et al. 2024,"propofol induction, Cz",14,1.409134990345416,0.7067975619616308,2.1277755211579894,0.7250375107526236,-0.0228472848528213,1.4361712119121943,0.481967180008556,0.8729037675641123,True,2.059845317927791,0.9920971116618116,3.2663523037039432,0.026,0.423,ln,depends on lambda,overlaps
anaesthesia,beta rises before loss of consciousness,Brake et al. 2024,"propofol induction, Cz",14,1.7378247124623367,1.3270377825741813,2.112218610736601,1.3124286012134,0.9336716321726256,1.679014302725546,0.1757147040243087,0.6811082263671114,True,4.085191816540566,2.127020328546318,7.127052493025867,0.0,0.003,ln,holds under both,outside
