lam,lo,hi,fail,n_units,n_epochs,gamma,n_roots,sample,group,covariates,reliability,instrument_r
0.40822814755999287,0.13129715786514434,1.0663658270623282,0.0,48,3824,[],1,data,all,none,0.6500325690127798,0.6947573620389099
0.4167190438682918,0.11967097086437498,0.9741502868744552,0.0,48,3824,[0.037],1,data,all,pupil,0.6500325690127798,0.6727977810045968
0.9450882054312975,0.4933447656889256,1.4383311483507895,0.0,48,3824,"[0.011, -0.067, -0.18]",1,data,all,pupil + EOG,0.6500325690127798,0.47712139189025643
1.0235604150459703,0.6148510367565366,1.4069437781717424,0.0,48,3824,"[0.019, -0.062, -0.19, -0.066]",1,data,all,pupil + EOG + EMG,0.6500325690127798,0.45049198766546805
0.3267711342788607,0.06404928098926045,1.1212514321028206,0.0,28,2213,[],1,data,Young,none,0.6500325690127798,0.6644980531798653
0.34214283159938147,0.0631574414022725,1.0652692456053299,0.0,28,2213,[0.056],1,data,Young,pupil,0.6500325690127798,0.6486281690503167
0.860874734482054,0.36124759260145733,1.5867388693427371,0.0,28,2213,"[0.029, -0.081, -0.143]",1,data,Young,pupil + EOG,0.6500325690127798,0.4482115521502722
0.9782060920999675,0.49170306841205863,1.5410840681616784,0.0,28,2213,"[0.043, -0.076, -0.159, -0.076]",1,data,Young,pupil + EOG + EMG,0.6500325690127798,0.4307098395987528
0.734973456995855,0.20213335997352702,1.2596534906120398,0.0,20,1611,[],1,data,older,none,0.6500325690127798,0.737120394441572
0.727267647754336,0.26628708465031165,1.3419555595179002,0.0,20,1611,[-0.08],1,data,older,pupil,0.6500325690127798,0.7066352377405886
1.100064964660254,0.624951753673599,1.5378063847309562,0.0,20,1611,"[-0.082, -0.026, -0.267]",1,data,older,pupil + EOG,0.6500325690127798,0.5175951675262345
1.112429592538716,0.6025641692088218,1.5490299813000856,0.0,20,1611,"[-0.09, -0.024, -0.268, -0.041]",1,data,older,pupil + EOG + EMG,0.6500325690127798,0.47818699495886924
