model,cond,cut,range,n,age_min,age_max,age_median,lam0,lam0_lo,lam0_hi,lam0_p,lam0_boot_lo,lam0_boot_hi,lam1,lam1_lo,lam1_hi,lam1_p,lam1_boot_lo,lam1_boot_hi,s_b,s_b_lo,s_b_hi,lam_star_bounded,lam_star,hdi_lo,hdi_hi,p_cross_in_01,p_older_gt
fixed,ec,,all,2350,5.0414,22.0002,9.90145,-0.05117737135174175,-0.06778530576367345,-0.03456943693981005,1.5446653515600159e-09,-0.06674182816556355,-0.03383547288452517,0.047313278213130416,0.0338563309119155,0.060770225514345334,5.538714264031532e-12,0.03433952437793993,0.06090072190808298,-0.09849064956487219,-0.10801517375304144,-0.08790565733469105,True,0.5196165481478836,0.3746570290437569,0.6562455273317983,1.0,
fixed,ec,11.0,younger,1454,5.0414,10.9887,8.36525,-0.04758303050194977,-0.09333558822398877,-0.0018304727799107745,0.04151210331812244,-0.0939395529718848,-0.002464113316140126,0.06671750754836848,0.03276701321252096,0.10066800188421601,0.0001173459384647595,0.0338343778552416,0.09968513467213033,-0.11430053805031824,-0.14271362535848417,-0.08645107693500419,True,0.41629751979822144,0.06034748407038515,0.7476723443678507,0.977,
fixed,ec,11.0,older,896,11.0079,22.0002,13.6046,-0.10333272843472077,-0.14209969538076753,-0.06456576148867402,1.748599837808711e-07,-0.14298818763028767,-0.06543562390301615,-0.003927899630120009,-0.03450363107948143,0.026647831819241408,0.8012064616824814,-0.033834784343380324,0.02596997443754975,-0.09940482880460082,-0.12284364227667287,-0.07582059590829063,True,1.039514173278654,0.7079030394307849,1.3490875350114593,0.4085,
fixed,ec,11.0,difference,2350,,,,-0.055749697932771,-0.11571780832741652,0.004218412461874516,0.0684410630814732,,,-0.0706454071784885,-0.11633469935194948,-0.0249561150050275,0.002441305400735586,,,,,,True,0.6232166534804324,0.19264322999259087,1.1348330133336917,,0.9975
fixed,ec,12.0,younger,1656,5.0414,11.9715,8.69275,-0.02485243264466249,-0.06132007555776368,0.011615210268438696,0.18164697034898147,-0.06047214941629817,0.010524582462914796,0.08193875212341768,0.05499623186937026,0.1088812723774651,2.5111847062065283e-09,0.056470517633937845,0.1076695452193423,-0.10679118476808012,-0.13024040429522946,-0.08494771847327445,True,0.23271988880575584,-0.1133879713163869,0.502314341130741,0.8955,
fixed,ec,12.0,older,694,12.0067,22.0002,14.4146,-0.10053113733861457,-0.15096562253491247,-0.05009665214231668,9.352679764739776e-05,-0.15243636445746594,-0.05134907802012743,-0.0011936213490833345,-0.041186050874860713,0.03879880817669404,0.9533523994229927,-0.04306500067731866,0.03756904576951207,-0.09933751598953128,-0.13071086971309032,-0.06938526549229453,True,1.0120158163528994,0.5578103823852805,1.3997904507641141,0.477,
fixed,ec,12.0,difference,2350,,,,-0.07567870469395208,-0.13791636432743326,-0.013441045060470905,0.01716081062842062,,,-0.08313237347250102,-0.13135367392172187,-0.034911073023280184,0.0007276820898369965,,,,,,True,0.7792959275471436,0.2761510035402242,1.3403603549211385,,0.9995
fixed,ec,13.0,younger,1815,5.0414,12.9977,8.9789,-0.00935366618488881,-0.04097163643756566,0.022264304067788045,0.5620335061132503,-0.03964878153187732,0.021010042142068124,0.08425406243141606,0.0602589970177443,0.10824912784508782,5.9002683653128775e-12,0.05939223688517391,0.10880899721149233,-0.09360772861630481,-0.11272009482220434,-0.07273945186556936,True,0.09992408023518307,-0.25288904685618946,0.40575559770377034,0.7235,
fixed,ec,13.0,older,535,13.0092,22.0002,15.1388,-0.052742147744824795,-0.11577148808646515,0.010287192596815549,0.10099002006369141,-0.1183146879058328,0.008075968962728082,0.017015253734569358,-0.03282951333935227,0.06686002080849099,0.5034553535507391,-0.034611214974689254,0.06714889027026577,-0.0697574014793942,-0.10837507685773178,-0.03200709598648778,True,0.7560795933662247,-0.12100214125043612,1.5530374078169706,0.6985,
fixed,ec,13.0,difference,2350,,,,-0.043388481559935986,-0.11390368408252319,0.027126720962651223,0.22782554515694442,,,-0.0672388086968467,-0.1225584613427183,-0.0119191560509751,0.01720687258876511,,,,,,True,0.6561555131310416,-0.2399378595855853,1.5927205680925045,,0.9195
fixed,eo,,all,2110,5.0414,22.0002,9.8026,-0.10679914276135775,-0.12498622151407678,-0.08861206400863873,1.1829033603076644e-30,-0.12506339177887169,-0.08738233538543179,-0.0017342316328418502,-0.018444138985467536,0.014975675719783834,0.8388113436859749,-0.018835323777984914,0.01593576441366733,-0.10506491112851586,-0.11545088023510235,-0.09502308559608903,True,1.016506287534195,0.8524897147308662,1.1666468537560732,0.4275,
fixed,eo,11.0,younger,1327,5.0414,10.9887,8.3164,-0.12434322249808581,-0.17273252771278566,-0.07595391728338596,4.7435129311628157e-07,-0.17205988532432379,-0.0771067558399819,0.0032155638006828415,-0.03798510317395835,0.044416230775324035,0.8784234031107881,-0.03691184890457894,0.04238440290579618,-0.12755878629876868,-0.15494221428433125,-0.09983373262532531,True,0.974791514610752,0.6461104598848912,1.3133522472830643,0.5705,
fixed,eo,11.0,older,783,11.0079,22.0002,13.4746,-0.09258585476727564,-0.13292027674723042,-0.05225143278732087,6.827086154883639e-06,-0.13291699062845438,-0.052459400129474205,-0.021077145142771207,-0.057963145909988606,0.015808855624446196,0.2627354298635928,-0.0567732701946474,0.014658453914843883,-0.07150870962450451,-0.09305962532023689,-0.04939772610923872,True,1.294749342470984,0.7626328762744677,1.8315039216311941,0.123,
fixed,eo,11.0,difference,2110,,,,0.03175736773081017,-0.031237794429616383,0.09475252989123673,0.3231209547518191,,,-0.024292708943454047,-0.07959254630085007,0.031007128413941973,0.38924128340416,,,,,,True,0.31995782786023197,-0.3013670089422089,1.0302677696202809,,0.854
fixed,eo,12.0,younger,1509,5.0414,11.9715,8.6473,-0.1337033268794949,-0.17232962640421814,-0.09507702735477166,1.1662349038413522e-11,-0.17028550010687818,-0.09738774466530005,-0.002690769958688274,-0.035684558918078514,0.030303019000701963,0.8730050846724983,-0.03349450349355883,0.029166085939223582,-0.13101255692080685,-0.15176000336492332,-0.10941782343473357,True,1.0205382600105617,0.7586799103448423,1.2747924582754293,0.427,
fixed,eo,12.0,older,601,12.0067,22.0002,14.3373,-0.11333974377672346,-0.1654543762288106,-0.061225111324636323,2.0209702782476947e-05,-0.16847972101651357,-0.059250131372864494,-0.042379966629929725,-0.08958690238918995,0.004826969129330505,0.07848325685574291,-0.09190368036421254,0.004637005561793779,-0.07095977714679383,-0.10008973621748277,-0.04297809440807234,True,1.5972392858880968,0.8761862662571165,2.4710429882147715,0.0425,
fixed,eo,12.0,difference,2110,,,,0.02036358310277145,-0.044504944941186564,0.08523211114672946,0.5383740827332535,,,-0.03968919667124145,-0.09728333607514003,0.017904942732657136,0.17680829014243438,,,,,,True,0.5767010258775351,-0.17191551777340885,1.537346926213177,,0.935
fixed,eo,13.0,younger,1653,5.0414,12.9895,8.9052,-0.10571316635788126,-0.1389784045192787,-0.07244792819648382,4.707899485214005e-10,-0.1392499785316827,-0.07192450052225442,0.016891274692618172,-0.011836199520381202,0.04561874890561755,0.2491460355247077,-0.013603533857406681,0.04602493810067681,-0.12260444105049936,-0.13993487209664884,-0.10399377447900396,True,0.8622295036958666,0.608351426759413,1.0934923165609873,0.872,
fixed,eo,13.0,older,457,13.0092,22.0002,15.0874,-0.06025297442139439,-0.12907027132104665,0.00856432247825785,0.08615358958048167,-0.12984843032828564,0.005777895161164637,-0.00941740541392229,-0.07044541690500955,0.05161060607716497,0.7623108752350384,-0.06909235867001959,0.05116383565481551,-0.050835569007472055,-0.08480035384163706,-0.014921793588676333,True,1.185252286888696,-0.5872564817892917,3.0823344988513326,0.329,
fixed,eo,13.0,difference,2110,,,,0.04546019193648687,-0.030975378464402917,0.12189576233737666,0.24373896410100082,,,-0.026308680106540465,-0.09376004007218403,0.04114267985910309,0.44459140876739844,,,,,,True,0.3230227831928295,-1.5131350536544272,2.173628102907409,,0.697
knee_plateau,ec,,all,2254,5.0414,22.0002,9.86055,-0.038207039341229904,-0.05515900482002417,-0.021255073862435633,9.987322189926148e-06,-0.05644209315364853,-0.021458723675094216,0.04937762542581848,0.03642840847738217,0.06232684237425479,7.797972519655926e-14,0.035959922063839626,0.061905494356390825,-0.08758466476704839,-0.09975068960031439,-0.07615457911096336,True,0.436229783408436,0.26178103657224683,0.5851216826013123,1.0,
knee_plateau,ec,11.0,younger,1399,5.0414,10.9887,8.3188,-0.036461207283101864,-0.08419063590323922,0.011268221337035485,0.13432949427623686,-0.08371794117594934,0.011206842401331218,0.02968098204042794,-0.005349772074974578,0.06471173615583045,0.09678471303717712,-0.005529436632670254,0.06375604167159049,-0.06614218932352973,-0.0994524190098707,-0.03322628378306304,True,0.5512549199838929,-0.1737083924119541,1.0988146514177923,0.895,
knee_plateau,ec,11.0,older,855,11.0079,22.0002,13.5841,-0.0838290987993568,-0.12400910541989177,-0.04364909217882181,4.3295958440088936e-05,-0.12452715164506611,-0.04531971926235045,0.030389769542181387,-0.00034917796061056244,0.06112871704497334,0.052659852910994516,-0.0007138593244883831,0.06105613489914829,-0.11421886834153822,-0.14135807583737026,-0.08827622400019158,True,0.7339338939052541,0.4702664796618713,1.0188853370254147,0.9665,
knee_plateau,ec,11.0,difference,2254,,,,-0.04736789151625493,-0.10975804529416303,0.015022262261653173,0.13673900537694417,,,0.0007087875017534467,-0.04589632624634495,0.047313901249851846,0.9762203026680107,,,,,,True,0.18267897392136123,-0.4723296139478288,0.9347091109504311,,0.723
knee_plateau,ec,12.0,younger,1593,5.0414,11.9715,8.6556,-0.018003107735177132,-0.05599570753389806,0.0199894920635438,0.3530211764710762,-0.05494036337756812,0.021130079236556677,0.04359137645402522,0.015941535698181707,0.07124121720986873,0.0020016819573605137,0.01667230339450831,0.0702604364019158,-0.06159448418920236,-0.08818719510308613,-0.03291145151843101,True,0.29228441429716656,-0.3533706089598817,0.786680795033511,0.8365,
knee_plateau,ec,12.0,older,661,12.0067,22.0002,14.4077,-0.08368875868279771,-0.13621036665276676,-0.03116715071282867,0.0017899492082770906,-0.13633101158756325,-0.03424180300070981,0.026228195555378732,-0.01313232581774993,0.0655887169285074,0.19153979033908997,-0.012529596104349068,0.06488455616263517,-0.1099169542381766,-0.14313583661387055,-0.07790756574421068,True,0.7613817109729459,0.37804448740732105,1.1184466570182998,0.9025,
knee_plateau,ec,12.0,difference,2254,,,,-0.06568565094762058,-0.13050815431810825,-0.0008631475771329056,0.047026440933799825,,,-0.01736318089864649,-0.06546478520232875,0.03073842340503577,0.47926454086888426,,,,,,True,0.4690972966757794,-0.21279314493348556,1.1744893302626789,,0.935
knee_plateau,ec,13.0,younger,1748,5.0414,12.9895,8.9407,-0.0013592810314919657,-0.03390034994785326,0.031181787884869326,0.934749979565539,-0.034151493987529674,0.03119659272761315,0.051344831441336995,0.02805720916375352,0.07463245371892047,1.5507583213769253e-05,0.028136790133605406,0.07540204270872712,-0.05270411247282896,-0.07630146568692525,-0.029183364877968687,True,0.025790796348059915,-0.7276068955173846,0.5608878927455154,0.5345,
knee_plateau,ec,13.0,older,506,13.0092,22.0002,15.137450000000001,-0.03876130552627603,-0.10600468553615207,0.028482074483600003,0.25856557205525044,-0.10242789622571481,0.026621989373232284,0.029328334662077595,-0.020980937525293817,0.07963760684944901,0.2532120930722306,-0.019576113420900557,0.07894054884764934,-0.06808964018835363,-0.10865763132057749,-0.027471373504662576,True,0.5692687671582959,-0.4261275084323199,1.4265847826044387,0.7575,
knee_plateau,ec,13.0,difference,2254,,,,-0.03740202449478407,-0.11210539337043766,0.03730134438086953,0.32644346936330426,,,-0.0220164967792594,-0.077454175476752,0.03342118191823319,0.43634544664994845,,,,,,True,0.543477970810236,-0.5558261469993016,1.7624005347541636,,0.842
knee_plateau,eo,,all,1836,5.0414,22.0002,9.62885,-0.11628442135746468,-0.13847659286583897,-0.0940922498490904,9.6219201692224e-25,-0.1390275725528215,-0.0941210412695277,-0.008991163435524599,-0.0281249284571133,0.010142601586064101,0.35704609046853775,-0.02814706977069904,0.009982083824831452,-0.10729325792194015,-0.11890928651807314,-0.09541933505250018,True,1.083799892087032,0.9152493787331737,1.2606492899657202,0.18,
knee_plateau,eo,11.0,younger,1181,5.0414,10.9859,8.1879,-0.1335037742304625,-0.18576166032092695,-0.08124588813999806,5.524453962159574e-07,-0.18247239461688908,-0.07917929161200819,-0.028567933304968658,-0.07134320511565977,0.01420733850572245,0.1905399765210961,-0.07014354941996993,0.015630020884618467,-0.10493584092549384,-0.13646182709296453,-0.072933756947488,True,1.27224190565407,0.8687090822059479,1.6987647953303133,0.1035,
knee_plateau,eo,11.0,older,655,11.0187,22.0002,13.548,-0.10957967839067315,-0.16687982651451422,-0.05227953026683206,0.000178110588235467,-0.16856198156989244,-0.053304226427224474,-0.004136779947948751,-0.05476457524903622,0.04649101535313872,0.8727644975944959,-0.05464660328554212,0.045751772697846166,-0.10544289844272428,-0.13746876035620412,-0.07622946482562817,True,1.0392324187692528,0.5541648570540286,1.524725871520271,0.464,
knee_plateau,eo,11.0,difference,1836,,,,0.023924095839789355,-0.053627136475745685,0.1014753281553244,0.5454200301167759,,,0.024431153357019907,-0.04184778398756431,0.09071009070160413,0.4700089311692004,,,,,,True,-0.23300948688481715,-0.8814259348843425,0.39540428057486077,,0.235
knee_plateau,eo,12.0,younger,1329,5.0414,11.9715,8.5324,-0.14679934473652698,-0.18931607292942554,-0.10428261654362841,1.3125104398527349e-11,-0.18931169970327485,-0.10422545510321315,-0.037035218324510386,-0.07206030563817087,-0.0020101310108498957,0.03822362259378909,-0.07235373466901565,-0.0012474077529216663,-0.10976412641201651,-0.13709215794538757,-0.0837126216589755,True,1.3374073072425594,0.9879701399852074,1.6781091776932267,0.021,
knee_plateau,eo,12.0,older,507,12.0067,22.0002,14.3426,-0.14763419782460876,-0.22071819462982117,-0.07455020101939636,7.518594848544915e-05,-0.2224214398706852,-0.07249052195264864,-0.03649433350533056,-0.09972339632658765,0.026734729315926534,0.2579518657283818,-0.0998237603972737,0.02776972108653097,-0.11113986431927815,-0.1496566445855831,-0.07503115181905881,True,1.3283640278747426,0.7458326580582606,1.9391852402643015,0.1305,
knee_plateau,eo,12.0,difference,1836,,,,-0.0008348530880817884,-0.08538627392329375,0.08371656774713017,0.984559897025515,,,0.0005408848191798266,-0.07174100175404138,0.07282277139240104,0.9882983286559035,,,,,,True,-0.009043279367816792,-0.717317817234104,0.6426808356482607,,0.49
knee_plateau,eo,13.0,younger,1449,5.0414,12.9977,8.7923,-0.11638567989733298,-0.1533289273245464,-0.07944243247011958,6.630885758859573e-10,-0.15431373171648746,-0.07962040917709463,-0.020688198773792105,-0.05073926764776657,0.009362870100182361,0.17723830431000043,-0.05077988036210085,0.01014557621543086,-0.0956974811235408,-0.11833876883311636,-0.0735727569686017,True,1.2161833157038346,0.8899523709909487,1.5367521109449795,0.078,
knee_plateau,eo,13.0,older,387,13.0092,22.0002,15.0845,-0.09511506117487055,-0.19331370364991546,0.0030835813001743595,0.05764100835550759,-0.19228280488448996,0.002947563830817873,-0.031027943850086497,-0.1149478259573547,0.0528919382571817,0.46865866077737184,-0.11230214572400946,0.05462391850535464,-0.06408711732478403,-0.10843639120623952,-0.019666896629978666,True,1.4841525901819153,-0.27760507936158174,3.179227010745403,0.2135,
knee_plateau,eo,13.0,difference,1836,,,,0.021270618722462428,-0.08364733452868521,0.12618857197361005,0.6911058820425982,,,-0.010339745076294392,-0.0994779150898534,0.0787984249372646,0.8201519017169036,,,,,,True,0.2679692744780806,-1.3628215034658486,2.067021743812117,,0.632
