band,model,window,estimator,n,lam,lo,hi,boot_sd,boot_fail,n_roots,roots,r_instrument,med_seg_eo,med_seg_ec
alpha,fixed,censor 6-16,thirds,2396,0.7022397855028796,-0.9611122966052038,0.926681079642347,0.5750559194979312,0.13666666666666671,3,-0.853 0.702 1.558,0.6875336046501187,4.0,9.0
alpha,fixed,censor 6-16,"halves, instrument with t",2396,0.7696346718374834,0.639496390083226,0.8985049965552824,0.06915790108663013,0.0,1,0.770,0.8108265444514613,5.0,14.0
alpha,fixed,censor 6-16,"halves, instrument with b",2396,0.3504594511486232,0.2440697391374739,0.45179648078323187,0.053899818859948184,0.0,1,0.350,0.8108265444514613,5.0,14.0
alpha,fixed,"flanks 3-6, 26-36",thirds,2396,1.7570947306985385,-0.6169163272072407,2.2408527142563854,0.8844935334585526,0.01666666666666672,5,-0.602 0.160 1.719 1.757 2.144,0.6231790777178393,4.0,9.0
alpha,fixed,"flanks 3-6, 26-36","halves, instrument with t",2396,0.2876106838229638,0.07153190709594315,0.47753940835457903,0.10051821197949501,0.0,2,-0.814 0.288,0.7714980080146595,5.0,14.0
alpha,fixed,"flanks 3-6, 26-36","halves, instrument with b",2396,-0.05383180575197724,-0.25089012343079903,0.10360672010831887,0.08853851156105115,0.0,1,-0.054,0.7714980080146595,5.0,14.0
alpha,knee_plateau,censor 6-16,thirds,2396,-0.8381958969348273,-0.9160839574424611,-0.25919366225135565,0.25749058442777895,0.013333333333333308,4,-0.838 -0.425 0.770 1.220,0.6575180764635231,4.0,9.0
alpha,knee_plateau,censor 6-16,"halves, instrument with t",2396,0.8024060645266138,0.6425870507369684,0.9725375367945194,0.08175037581633707,0.0,2,-0.611 0.802,0.7509268050388932,5.0,14.0
alpha,knee_plateau,censor 6-16,"halves, instrument with b",2396,0.09192989945378413,-0.1084189477860611,0.22683063222838387,0.07849325918296045,0.0,1,0.092,0.7509268050388932,5.0,14.0
alpha,knee_plateau,"flanks 3-6, 26-36",thirds,2396,0.10645974354656677,-0.9739425373112983,1.4766318121141844,0.6343201987109374,0.020000000000000018,4,-0.961 -0.251 0.106 2.358,0.48423844214538686,4.0,9.0
alpha,knee_plateau,"flanks 3-6, 26-36","halves, instrument with t",2396,0.37104776145987456,0.18591646152414423,0.5692854540738375,0.09500043380195856,0.0,2,-0.665 0.371,0.5988615651013155,5.0,14.0
alpha,knee_plateau,"flanks 3-6, 26-36","halves, instrument with b",2396,-0.15566547069586492,-0.3143786807790739,-0.062430877518993344,0.06620835009614301,0.013333333333333308,1,-0.156,0.5988615651013155,5.0,14.0
control,fixed,censor 6-16,thirds,2396,1.1164043933006722,0.2271339635359912,1.8607208848918115,0.4197073539587997,0.0,3,0.170 1.116 1.263,0.6663812735200987,4.0,9.0
control,fixed,censor 6-16,"halves, instrument with t",2396,1.7225006487878725,1.2830785735378494,2.668176067141076,0.4118881550156907,0.0,3,-0.166 1.723 2.210,0.7792112997552506,5.0,14.0
control,fixed,censor 6-16,"halves, instrument with b",2396,,1.9557480690398439,2.8443845645761723,0.2546488658275886,0.8866666666666667,0,,0.7792112997552506,5.0,14.0
control,fixed,"flanks 3-6, 26-36",thirds,2396,0.1423203133005343,0.05851754744577905,0.3731823807340663,0.09177445765603326,0.0,3,-0.065 0.142 0.510,0.6248306874667459,4.0,9.0
control,fixed,"flanks 3-6, 26-36","halves, instrument with t",2396,0.5921786697583258,0.4545534404769921,0.8792195370686994,0.10742713041990301,0.0,3,-0.876 0.592 1.487,0.7539938797585009,5.0,14.0
control,fixed,"flanks 3-6, 26-36","halves, instrument with b",2396,0.6374385106495787,-0.614674768025985,1.64787403683218,0.5113995278616523,0.0,2,-0.769 0.637,0.7539938797585009,5.0,14.0
control,knee_plateau,censor 6-16,thirds,2396,0.06081908399503847,-0.22549259123696214,0.18248545838481484,0.10092653196398028,0.0,3,-0.083 0.061 0.083,0.6486272265952286,4.0,9.0
control,knee_plateau,censor 6-16,"halves, instrument with t",2396,0.24044513220783173,0.17538499838452754,0.3815585265331639,0.05486078939410597,0.00666666666666671,3,-0.762 0.240 0.354,0.7665648696928316,5.0,14.0
control,knee_plateau,censor 6-16,"halves, instrument with b",2396,-0.9115393942921961,-0.9891253459940628,-0.35442399706842354,0.17857939643835818,0.31666666666666665,1,-0.912,0.7665648696928316,5.0,14.0
control,knee_plateau,"flanks 3-6, 26-36",thirds,2396,0.07278646659434154,-0.03717629013855447,0.16291955050720097,0.04397823977426994,0.0,3,-0.047 0.073 0.129,0.5989351515184236,4.0,9.0
control,knee_plateau,"flanks 3-6, 26-36","halves, instrument with t",2396,0.5557784797356418,0.45775730444076046,0.75133271612703,0.14475419454764588,0.0,3,-0.960 0.556 0.759,0.7290629058949938,5.0,14.0
control,knee_plateau,"flanks 3-6, 26-36","halves, instrument with b",2396,-0.17477065283294174,-0.5778775550165005,0.19748205253061407,0.2062501885726912,0.0,2,-0.674 -0.175,0.7290629058949938,5.0,14.0
