model,cond,analysis,measure,est,lo,hi,p,p_cross_in_01,n
fixed,ec,individual band,IAF (Hz/year),0.12166533188054175,0.10977918754344518,0.13355147621763833,1.586185719542329e-89,,2350
fixed,ec,individual band,lambda=0,-0.05117737135174175,-0.06778530576367345,-0.03456943693981005,1.5446653515600159e-09,,2350
fixed,ec,individual band,background ln b,-0.09849064956487219,-0.10875334319383326,-0.08822795593591112,6.289988297197245e-79,,2350
fixed,ec,individual band,lambda=1,0.047313278213130416,0.0338563309119155,0.060770225514345334,5.538714264031532e-12,,2350
fixed,ec,individual band,crossover lambda*,0.5196165481478836,0.38020818371364745,0.6702765613754205,,1.0,2350
fixed,ec,+ IAF covariate,lambda=0,-0.05232031989587238,-0.07139057015111248,-0.03325006964063228,7.562244639701112e-08,,2350
fixed,ec,+ IAF covariate,background ln b,-0.06821856772221953,-0.07947177114148334,-0.05696536430295572,1.475361409206541e-32,,2350
fixed,ec,+ IAF covariate,lambda=1,0.015898247826347085,0.0011617599289624001,0.030634735723731772,0.0344743825230841,,2350
fixed,ec,+ IAF covariate,crossover lambda*,0.7669513102197684,0.5381572580580579,0.9994792706830814,,0.9825,2350
fixed,ec,background 8-12 Hz,lambda=0,-0.05117737135174175,-0.06778530576367345,-0.03456943693981005,1.5446653515600159e-09,,2350
fixed,ec,background 8-12 Hz,background ln b,-0.06964810578197941,-0.07948328267016296,-0.05981292889379587,8.427737884502641e-44,,2350
fixed,ec,background 8-12 Hz,lambda=1,0.018470734430237615,0.005265835079270418,0.03167563378120481,0.006114889107635189,,2350
fixed,ec,background 8-12 Hz,crossover lambda*,0.7347991848040075,0.5299565991696384,0.9236695294315502,,0.9965,2350
fixed,ec,band shift,ln b(IAF +/- 2) - ln b(8-12),-0.028842543782892797,-0.03148426112589181,-0.02620082643989378,1.362412984637415e-101,,2350
fixed,ec,band shift,share of background slope,0.2928455026981541,0.26145934619364336,0.3293591423816896,,,2350
fixed,eo,individual band,IAF (Hz/year),0.12248747896730487,0.11025280510818235,0.13472215282642738,9.996065459092461e-86,,2110
fixed,eo,individual band,lambda=0,-0.10679914276135775,-0.12498622151407678,-0.08861206400863873,1.1829033603076644e-30,,2110
fixed,eo,individual band,background ln b,-0.10506491112851589,-0.11501172084362174,-0.09511810141341004,3.29126162639841e-95,,2110
fixed,eo,individual band,lambda=1,-0.0017342316328418502,-0.018444138985467536,0.014975675719783834,0.8388113436859749,,2110
fixed,eo,individual band,crossover lambda*,1.016506287534195,0.8631960700750408,1.1656385318784108,,0.405,2110
fixed,eo,+ IAF covariate,lambda=0,-0.09227186340199661,-0.11199639492808461,-0.07254733187590862,4.7848371082466296e-20,,2110
fixed,eo,+ IAF covariate,background ln b,-0.0746591944528265,-0.0850371594247621,-0.06428122948089089,3.797561507954126e-45,,2110
fixed,eo,+ IAF covariate,lambda=1,-0.017612668949170112,-0.03550528902914153,0.0002799511308013078,0.05369387320724769,,2110
fixed,eo,+ IAF covariate,crossover lambda*,1.2359075674235795,0.9902035567795786,1.466257219410092,,0.0265,2110
fixed,eo,background 8-12 Hz,lambda=0,-0.10679914276135775,-0.12498622151407678,-0.08861206400863873,1.1829033603076644e-30,,2110
fixed,eo,background 8-12 Hz,background ln b,-0.07693342091774122,-0.08639661799145111,-0.06747022384403133,3.6794678543747304e-57,,2110
fixed,eo,background 8-12 Hz,lambda=1,-0.029865721843616418,-0.04659962038374147,-0.013131823303491365,0.0004687020974817595,,2110
fixed,eo,background 8-12 Hz,crossover lambda*,1.3882021816701675,1.183076684819595,1.6236266106589434,,0.0,2110
fixed,eo,band shift,ln b(IAF +/- 2) - ln b(8-12),-0.028131490210774573,-0.030787417743561918,-0.02547556267798723,9.98384639281397e-96,,2110
fixed,eo,band shift,share of background slope,0.26775342889086906,0.23965905465008444,0.29907402687441803,,,2110
knee_plateau,ec,individual band,IAF (Hz/year),0.12015784327216336,0.10847395136616672,0.13184173517816,2.3653684919861715e-90,,2254
knee_plateau,ec,individual band,lambda=0,-0.038207039341229904,-0.05515900482002417,-0.021255073862435633,9.987322189926148e-06,,2254
knee_plateau,ec,individual band,background ln b,-0.08758466476704839,-0.09940915024086093,-0.07576017929323585,9.377686311847921e-48,,2254
knee_plateau,ec,individual band,lambda=1,0.04937762542581848,0.03642840847738217,0.06232684237425479,7.797972519655926e-14,,2254
knee_plateau,ec,individual band,crossover lambda*,0.436229783408436,0.25958917836128464,0.5861056915908655,,1.0,2254
knee_plateau,ec,+ IAF covariate,lambda=0,-0.04530275084894175,-0.06471783670533185,-0.02588766499255165,4.800136473499941e-06,,2254
knee_plateau,ec,+ IAF covariate,background ln b,-0.05919759998836612,-0.0723533556907646,-0.04604184428596764,1.1512997379309042e-18,,2254
knee_plateau,ec,+ IAF covariate,lambda=1,0.013894849139424391,-0.0002101688006153745,0.027999867079464155,0.053512743966201294,,2254
knee_plateau,ec,+ IAF covariate,crossover lambda*,0.765280194768791,0.5282460350563473,1.0174945692640884,,0.9755,2254
knee_plateau,ec,background 8-12 Hz,lambda=0,-0.038207039341229904,-0.05515900482002417,-0.021255073862435633,9.987322189926148e-06,,2254
knee_plateau,ec,background 8-12 Hz,background ln b,-0.05971527689531274,-0.07126715638930073,-0.04816339740132475,3.9977649933934284e-24,,2254
knee_plateau,ec,background 8-12 Hz,lambda=1,0.021508237554082855,0.008884428170129239,0.034132046938036474,0.0008397341653172986,,2254
knee_plateau,ec,background 8-12 Hz,crossover lambda*,0.6398201821656292,0.3933773712164043,0.8452765291280718,,0.9995,2254
knee_plateau,ec,band shift,ln b(IAF +/- 2) - ln b(8-12),-0.027869387871735617,-0.030479755942881236,-0.025259019800589998,3.1441442451385946e-97,,2254
knee_plateau,ec,band shift,share of background slope,0.31819940106936284,0.274706590464483,0.3726804935728354,,,2254
knee_plateau,eo,individual band,IAF (Hz/year),0.11611678491388536,0.10332430431449884,0.1289092655132719,8.371888960338847e-71,,1836
knee_plateau,eo,individual band,lambda=0,-0.11628442135746468,-0.13847659286583897,-0.0940922498490904,9.6219201692224e-25,,1836
knee_plateau,eo,individual band,background ln b,-0.10729325792194025,-0.11930511421150279,-0.09528140163237771,1.2681749843409517e-68,,1836
knee_plateau,eo,individual band,lambda=1,-0.008991163435524599,-0.0281249284571133,0.010142601586064101,0.35704609046853775,,1836
knee_plateau,eo,individual band,crossover lambda*,1.083799892087032,0.9034641609712841,1.2683514432964713,,0.1755,1836
knee_plateau,eo,+ IAF covariate,lambda=0,-0.10288986941401618,-0.12673241984710093,-0.07904731898093142,2.7198775472671244e-17,,1836
knee_plateau,eo,+ IAF covariate,background ln b,-0.07730240914339706,-0.09032680050843263,-0.0642780177783615,2.807862978742365e-31,,1836
knee_plateau,eo,+ IAF covariate,lambda=1,-0.025587460270619162,-0.04626466842561419,-0.004910252115624136,0.015291528053772641,,1836
knee_plateau,eo,+ IAF covariate,crossover lambda*,1.3310046938272524,1.05974983164016,1.6110055018145855,,0.005,1836
knee_plateau,eo,background 8-12 Hz,lambda=0,-0.11628442135746468,-0.13847659286583897,-0.0940922498490904,9.6219201692224e-25,,1836
knee_plateau,eo,background 8-12 Hz,background ln b,-0.0788154029153429,-0.09031673216387427,-0.06731407366681154,3.975342722351809e-41,,1836
knee_plateau,eo,background 8-12 Hz,lambda=1,-0.03746901844212184,-0.05659570592129739,-0.01834233096294629,0.00012325861456118396,,1836
knee_plateau,eo,background 8-12 Hz,crossover lambda*,1.4754022317486353,1.2283185968678694,1.7373935016068396,,0.0,1836
knee_plateau,eo,band shift,ln b(IAF +/- 2) - ln b(8-12),-0.028477855006597188,-0.031328823195020464,-0.02562688681817391,2.3931662057016062e-85,,1836
knee_plateau,eo,band shift,share of background slope,0.26542073153670054,0.2340886577196933,0.3032942643478698,,,1836
