cond,ref,h_mult,lam_true,h,lam_mean,lam_sd,n_ok,n_reps,max_roots,rel_height,instrument_r,sd_lnb,rel_excess,boot_sd,boot_lo,boot_hi,monotone,slope
ds003690,inband,0.333,0.0,2.277037106782466,-0.21371436559128137,0.055062024368607965,5,5,1,2.2955066416355545,0.6540360462999196,0.3082325778051657,2.1417408537567586,,,,True,1.0214906773307666
ds003690,inband,0.333,0.5,2.277037106782466,0.19538225781652796,0.06206469688110211,5,5,1,2.283745892387206,0.6549674692805942,0.3088183023025023,2.221252661195872,,,,True,1.0214906773307666
ds003690,inband,0.333,1.0,2.277037106782466,0.7073602263065937,0.08063738074921802,5,5,1,2.302208684127976,0.656121107389118,0.30953863586782615,2.554565773498483,,,,True,1.0214906773307666
ds003690,inband,0.333,1.5,2.277037106782466,1.3181107737966407,0.07634922021065156,5,5,1,2.304252023006657,0.6576829426814705,0.31095054858481763,4.087158118898541,,,,True,1.0214906773307666
ds003690,inband,1.0,0.0,6.831111320347398,-0.013122579474211731,0.04921932761991824,5,5,1,6.886519924906665,0.6536958247961063,0.3059053638004262,6.26112845231798,0.046488932407876486,-0.11898454152437288,0.04740331465534661,True,0.9240021971383962
ds003690,inband,1.0,0.5,6.831111320347398,0.3670291195867598,0.05079217692520428,5,5,1,6.85123767716162,0.6561638020512734,0.3074534592766817,6.495537546799383,0.05331821946249565,0.24083530616859933,0.4425427413521115,True,0.9240021971383962
ds003690,inband,1.0,1.0,6.831111320347398,0.8339291749661107,0.05889647517255746,5,5,1,6.906626052383927,0.6590799895393425,0.30939158055394483,7.4772623125169755,0.0794112466730558,0.5962125024323708,0.9242575920856556,True,0.9240021971383962
ds003690,inband,1.0,1.5,6.831111320347398,1.3712477306299982,0.05593433441571979,5,5,1,6.912756069019971,0.6627363443752219,0.31288486498207424,11.962775213846692,0.11162796848963398,1.0987819832700747,1.4596730619309655,True,0.9240021971383962
ds003690,inband,3.0,0.0,20.493333961042197,0.09892985812051966,0.05245744983536911,5,5,1,20.659559774719995,0.6489709107756076,0.30087807033681474,18.215952199337853,,,,True,0.8840734092214044
ds003690,inband,3.0,0.5,20.493333961042197,0.4758566696753791,0.04633870726346489,5,5,1,20.55371303148486,0.6550614607555083,0.3046217292513688,18.886286130107724,,,,True,0.8840734092214044
ds003690,inband,3.0,1.0,20.493333961042197,0.9323729836373179,0.04325259429926166,5,5,1,20.719878157151783,0.6619853830493057,0.3094287249224025,21.685838381986393,,,,True,0.8840734092214044
ds003690,inband,3.0,1.5,20.493333961042197,1.4202134355022138,0.03871205567892728,5,5,1,20.73826820705991,0.6700756748994667,0.31735094976895584,34.28754549611179,,,,True,0.8840734092214044
ds003690,own,0.333,0.0,2.277037106782466,-0.13520434227235506,0.05117044277464083,5,5,1,3.2957679573411314,0.6541038926281589,0.30784776485643917,2.825352399590786,,,,True,1.0138305331477226
ds003690,own,0.333,0.5,2.277037106782466,0.33919646212330967,0.0504741748739141,5,5,1,3.2784047835686323,0.6543419465809347,0.30866800505334957,2.966017631154415,,,,True,1.0138305331477226
ds003690,own,0.333,1.0,2.277037106782466,0.8480092723223169,0.04767950437422333,5,5,1,3.2596748992131177,0.6546082691939078,0.30961525921730193,3.4334549063763307,,,,True,1.0138305331477226
ds003690,own,0.333,1.5,2.277037106782466,1.3849089429075134,0.042741493901299395,5,5,1,3.2785651604186525,0.6549336705158816,0.311188430747726,5.357018153265338,,,,True,1.0138305331477226
ds003690,own,1.0,0.0,6.831111320347398,0.02302942290679149,0.04658724224621875,5,5,1,9.887303872023395,0.6532494988585466,0.3050207583893164,8.270640945985082,,,,True,0.9227403923136869
ds003690,own,1.0,0.5,6.831111320347398,0.4638781522988308,0.044182559039164244,5,5,1,9.835214350705899,0.6539638933117213,0.3071137948697993,8.678828743153247,,,,True,0.9227403923136869
ds003690,own,1.0,1.0,6.831111320347398,0.9255756553894908,0.04036838417870992,5,5,1,9.779024697639354,0.6546645528776918,0.3095768652362987,10.040483183607027,,,,True,0.9227403923136869
ds003690,own,1.0,1.5,6.831111320347398,1.4070309090660493,0.036823088241557,5,5,1,9.835695481255957,0.6554166024288995,0.31346551004414447,15.61531007366961,,,,True,0.9227403923136869
ds003690,own,3.0,0.0,20.493333961042197,0.13252174748879023,0.0492342413406139,5,5,1,29.661911616070192,0.6454855830881077,0.29916609723265825,23.930433039348706,,,,True,0.8553755431083284
ds003690,own,3.0,0.5,20.493333961042197,0.5536238852766125,0.04374929422231612,5,5,1,29.5056430521177,0.6479534581628288,0.30399105696447676,25.050449949047195,,,,True,0.8553755431083284
ds003690,own,3.0,1.0,20.493333961042197,0.9825376239728076,0.036924602769299424,5,5,1,29.337074092918066,0.6500654858400277,0.3097908119581142,28.82687275757484,,,,True,0.8553755431083284
ds003690,own,3.0,1.5,20.493333961042197,1.4151764064372725,0.031854321344042605,5,5,1,29.50708644376788,0.6520004345694286,0.31842165833916936,44.1252722774622,,,,True,0.8553755431083284
ds003690,pooled,0.333,0.0,2.277037106782466,-0.13019579506306012,0.05115992741283439,5,5,1,3.3390527269757992,0.654098795424046,0.307805987970548,2.9582977102278596,,,,True,1.0701383295598488
ds003690,pooled,0.333,0.5,2.277037106782466,0.4134111317800375,0.05011047704969844,5,5,1,3.322184542138817,0.6567622213357531,0.30880541762223107,3.046775213548038,,,,True,1.0701383295598488
ds003690,pooled,0.333,1.0,2.277037106782466,0.9529350721899646,0.042593011225910145,5,5,1,3.3124100898295605,0.6594852727706123,0.30995816882238425,3.4202370948358145,,,,True,1.0701383295598488
ds003690,pooled,0.333,1.5,2.277037106782466,1.473526774066712,0.032649238337392944,5,5,1,3.293379920446072,0.6623690012400264,0.3118287384545389,5.273411725398414,,,,True,1.0701383295598488
ds003690,pooled,1.0,0.0,6.831111320347398,0.025009879377866834,0.046715072107594326,5,5,1,10.0171581809274,0.6532056478180163,0.304925211713457,8.659656699294846,,,,True,0.9711195312763975
ds003690,pooled,1.0,0.5,6.831111320347398,0.5288169874017832,0.04450779705024137,5,5,1,9.966553626416452,0.659927640483371,0.30746116029042564,8.919022915628902,,,,True,0.9711195312763975
ds003690,pooled,1.0,1.0,6.831111320347398,1.0162011903166035,0.037366280738344006,5,5,1,9.937230269488683,0.6665926962619049,0.310426366098795,10.012222399059524,,,,True,0.9711195312763975
ds003690,pooled,1.0,1.5,6.831111320347398,1.481081030533589,0.029139577758470255,5,5,1,9.880139761338217,0.6733698680156138,0.31498438162940856,15.397758641145419,,,,True,0.9711195312763975
ds003690,pooled,3.0,0.0,20.493333961042197,0.1337487174113882,0.0492249535823678,5,5,1,30.051474542782195,0.645263368948686,0.29897796487494116,25.025382532891733,,,,True,0.8905647953594149
ds003690,pooled,3.0,0.5,20.493333961042197,0.6109576547245943,0.04388146610011829,5,5,1,29.899660879249353,0.6607323890903662,0.30478419449414884,25.756017204814547,,,,True,0.8905647953594149
ds003690,pooled,3.0,1.0,20.493333961042197,1.0582063840289186,0.03478813332052638,5,5,1,29.811690808466047,0.6753797328558455,0.31167717978547993,28.82367294458107,,,,True,0.8905647953594149
ds003690,pooled,3.0,1.5,20.493333961042197,1.468940466575638,0.026160423005427605,5,5,1,29.640419284014648,0.6894510823952055,0.32163844454461965,43.70152996793208,,,,True,0.8905647953594149
ds003690,synthetic,0.333,0.0,2.277037106782466,0.029497165167703815,0.06021791543303033,5,5,1,2.309542369638626,0.35771917992910046,0.29683872801155786,2.0981336994002753,,,,True,0.9825843858222811
ds003690,synthetic,0.333,0.5,2.277037106782466,0.5297167494677488,0.03885072982814743,5,5,1,2.287225351116495,0.35826929800707885,0.29742175844410906,2.1478287624785026,,,,True,0.9825843858222811
ds003690,synthetic,0.333,1.0,2.277037106782466,1.0217393070150549,0.024953037965084513,5,5,1,2.302208684127976,0.35879647184197594,0.2977812642243698,2.336478464900151,,,,True,0.9825843858222811
ds003690,synthetic,0.333,1.5,2.277037106782466,1.5031302890224036,0.027263715903234932,5,5,1,2.2930681715034535,0.35932380847467743,0.29816905669981014,3.1082022923782247,,,,True,0.9825843858222811
ds003690,synthetic,1.0,0.0,6.831111320347398,0.03750536439962013,0.05921394848997265,5,5,1,6.928627108915879,0.35570644562405723,0.29516594349189995,6.265855983982806,,,,True,0.9892138006460609
ds003690,synthetic,1.0,0.5,6.831111320347398,0.5342765763694867,0.038427146529186926,5,5,1,6.861676053349485,0.3572972892236049,0.2967617210661928,6.413558988433597,,,,True,0.9892138006460609
ds003690,synthetic,1.0,1.0,6.831111320347398,1.0309942899158329,0.025523737894196763,5,5,1,6.906626052383928,0.3588263364397733,0.297807199567229,6.974467948179283,,,,True,0.9892138006460609
ds003690,synthetic,1.0,1.5,6.831111320347398,1.5206224609609396,0.0284422346801244,5,5,1,6.879204514510359,0.36035468790261344,0.29893006538033273,9.265610770392584,,,,True,0.9892138006460609
ds003690,synthetic,3.0,0.0,20.493333961042197,0.06004919797182921,0.058310836606857666,5,5,1,20.785881326747635,0.35050186239407777,0.29104591941241287,18.53259135760043,,,,True,0.9791776609883797
ds003690,synthetic,3.0,0.5,20.493333961042197,0.5584460238915355,0.037320536356078224,5,5,1,20.585028160048452,0.3548610741687779,0.2950314881010176,18.964254837424242,,,,True,0.9791776609883797
ds003690,synthetic,3.0,1.0,20.493333961042197,1.0516878172643747,0.024607033828478737,5,5,1,20.719878157151783,0.3590720420730559,0.2979249071482165,20.60494865607012,,,,True,0.9791776609883797
ds003690,synthetic,3.0,1.5,20.493333961042197,1.5275980351615153,0.026067777441984203,5,5,1,20.63761354353108,0.36326975973046266,0.3010049944942189,27.2842272472165,,,,True,0.9791776609883797
ec_pre,inband,0.333,0.0,9.697657071446745,0.11885011592107257,0.04645465820855477,5,5,1,9.529592177962227,0.1648781029494351,0.14036332323944573,8.700520919467946,,,,True,1.159006217200966
ec_pre,inband,0.333,0.5,9.697657071446745,0.6619923901512818,0.04101955257128431,5,5,1,9.513742114124256,0.16731535989325874,0.14184878756432726,8.82677599437018,,,,True,1.159006217200966
ec_pre,inband,0.333,1.0,9.697657071446745,1.2431012975992288,0.044210321324907584,5,5,1,9.520551944627636,0.1700560733855829,0.14345181276835964,9.198124068095945,,,,True,1.159006217200966
ec_pre,inband,0.333,1.5,9.697657071446745,1.8568241754400332,0.05657766586170847,5,5,1,9.524992799902739,0.17326642242859136,0.14529163893182923,9.863829785434373,,,,True,1.159006217200966
ec_pre,inband,1.0,0.0,29.09297121434024,0.2870418976869798,0.04108550782495134,5,5,1,28.588776533886687,0.16444678063390625,0.1375984062392784,25.653267602337053,0.044414823172772934,0.2613283479278661,0.4305004665983756,True,1.1890856303529984
ec_pre,inband,1.0,0.5,29.09297121434024,0.829088250587011,0.04041996223664969,5,5,1,28.54122634237277,0.17021067999896167,0.14098213207521637,26.01582498994182,0.041427674080811744,0.7979875727099569,0.963815292814493,True,1.1890856303529984
ec_pre,inband,1.0,1.0,29.09297121434024,1.433856070726216,0.04836416999063922,5,5,1,28.56165583388291,0.17697726007003584,0.14479940531350333,27.081393044894195,0.057189069588612244,1.3567615388398961,1.5535704887164907,True,1.1890856303529984
ec_pre,inband,1.0,1.5,29.09297121434024,2.0672620082289086,0.05755844936609089,5,5,1,28.574978399708222,0.18501326095874984,0.14924319162319333,28.98810680407861,0.07915414074800729,1.9635359948878375,2.22393965309844,True,1.1890856303529984
ec_pre,inband,3.0,0.0,87.27891364302072,0.5645829769265037,0.035326918109663534,5,5,1,85.76632960166008,0.1636211717975562,0.1337920880471498,72.8567935111316,,,,True,1.1367359143296678
ec_pre,inband,3.0,0.5,87.27891364302072,1.081458301759432,0.03939725126787372,5,5,1,85.62367902711831,0.17570811956899585,0.14061301733762338,73.83880355488542,,,,True,1.1367359143296678
ec_pre,inband,3.0,1.0,87.27891364302072,1.675594391091811,0.04740032309436917,5,5,1,85.68496750164873,0.19081272065601262,0.148755142963023,76.72044126627034,,,,True,1.1367359143296678
ec_pre,inband,3.0,1.5,87.27891364302072,2.2610974710318237,0.047628528406307116,5,5,1,85.72493519912467,0.20898492774342511,0.15836401161270772,81.86016613981135,,,,True,1.1367359143296678
ec_pre,pooled,0.333,0.0,9.697657071446745,0.1774605090790285,0.03650824132741163,5,5,1,14.013133714156577,0.16472827006770124,0.13968496784037063,11.967433470977722,,,,True,1.542114726240658
ec_pre,pooled,0.333,0.5,9.697657071446745,1.0625734663967994,0.03835102075266462,5,5,1,14.084896998554395,0.17209267462745637,0.14317193034430806,12.044505764083759,,,,True,1.542114726240658
ec_pre,pooled,0.333,1.0,9.697657071446745,1.8312930226194268,0.05894807514133187,5,5,1,14.11426430043412,0.17945642747954074,0.1466465854263194,12.272459996706916,,,,True,1.542114726240658
ec_pre,pooled,0.333,1.5,9.697657071446745,2.491411867405916,0.07652832117771355,5,5,1,14.149866977397807,0.1869204186514934,0.15018269291728578,12.67332713353013,,,,True,1.542114726240658
ec_pre,pooled,1.0,0.0,29.09297121434024,0.384398318500205,0.028302376533307104,5,5,1,42.03940114246973,0.16407878599208145,0.1365749878595965,34.96697258872619,,,,True,1.333169658223012
ec_pre,pooled,1.0,0.5,29.09297121434024,1.1880942894052435,0.03599708639550509,5,5,1,42.25469099566318,0.17986851188027447,0.1439103501743259,35.18543833135273,,,,True,1.333169658223012
ec_pre,pooled,1.0,1.0,29.09297121434024,1.8481304186376146,0.05200205963777162,5,5,1,42.34279290130236,0.19558573751524438,0.15119597318833664,35.831137474200396,,,,True,1.333169658223012
ec_pre,pooled,1.0,1.5,29.09297121434024,2.3863357057944348,0.06399203675324912,5,5,1,42.449600932193434,0.21132218394281263,0.1585347288736593,36.96553699111875,,,,True,1.333169658223012
ec_pre,pooled,3.0,0.0,87.27891364302072,0.7085105950107423,0.0201506185542811,5,5,1,126.11820342740917,0.16325202725401702,0.13285471591145823,97.74101228605296,,,,True,1.0111528246910182
ec_pre,pooled,3.0,0.5,87.27891364302072,1.351929349109133,0.03017426638769549,5,5,1,126.76407298698956,0.19218748663986623,0.14619036796386015,98.31775702130489,,,,True,1.0111528246910182
ec_pre,pooled,3.0,1.0,87.27891364302072,1.8465332737245155,0.03792322428184359,5,5,1,127.02837870390712,0.22090263448206882,0.15937060785079554,100.02130785600166,,,,True,1.0111528246910182
ec_pre,pooled,3.0,1.5,87.27891364302072,2.228897327957312,0.04292993932740962,5,5,1,127.3488027965803,0.24928142814192414,0.17252985261086742,103.01054672085829,,,,True,1.0111528246910182
ec_pre,synthetic,0.333,0.0,9.697657071446745,0.05293471799737455,0.07800783484589123,5,5,1,9.530446713392942,0.08186425551381421,0.15700937153676825,9.886846863115359,,,,True,0.9805126064449017
ec_pre,synthetic,0.333,0.5,9.697657071446745,0.6132319022274091,0.10019332484071558,5,5,1,9.535855382077598,0.08298194440884214,0.1582892115970644,9.924736632823842,,,,True,0.9805126064449017
ec_pre,synthetic,0.333,1.0,9.697657071446745,1.1013742272259743,0.13782765097170288,5,5,1,9.520551944627636,0.08407928084912035,0.15952797472380492,10.04560868461544,,,,True,0.9805126064449017
ec_pre,synthetic,0.333,1.5,9.697657071446745,1.5244082870726885,0.16450605062304613,5,5,1,9.522719346717846,0.08518436686197517,0.16077051388715638,10.25932727699374,,,,True,0.9805126064449017
ec_pre,synthetic,1.0,0.0,29.09297121434024,0.1886200163819783,0.07026506018302746,5,5,1,28.59134014017883,0.07888306954341331,0.1534987641274524,28.973277882551706,,,,True,0.9294369510563412
ec_pre,synthetic,1.0,0.5,29.09297121434024,0.7243205999495471,0.10401168765617352,5,5,1,28.607566146232806,0.08172157445765826,0.15675646462324005,29.08209975168244,,,,True,0.9294369510563412
ec_pre,synthetic,1.0,1.0,29.09297121434024,1.1875997644357965,0.1384875794031557,5,5,1,28.56165583388291,0.08455278122150525,0.15995655250768542,29.42905618872187,,,,True,0.9294369510563412
ec_pre,synthetic,1.0,1.5,29.09297121434024,1.583255213313797,0.15908310324567992,5,5,1,28.56815804015354,0.08742436478141988,0.16317548663384135,30.042205651815106,,,,True,0.9294369510563412
ec_pre,synthetic,3.0,0.0,87.27891364302072,0.4644208201802572,0.0865326808856465,5,5,1,85.77402042053649,0.07413365577182693,0.14761521925825208,82.02997941336396,,,,True,0.7877865666381832
ec_pre,synthetic,3.0,0.5,87.27891364302072,0.9320746241157553,0.11828722367419353,5,5,1,85.8226984386984,0.0803112058442397,0.1547548042828381,82.3241093070474,,,,True,0.7877865666381832
ec_pre,synthetic,3.0,1.0,87.27891364302072,1.3230077756141903,0.1393751131596917,5,5,1,85.68496750164874,0.08662499012251614,0.16188335091838352,83.26119473810942,,,,True,0.7877865666381832
ec_pre,synthetic,3.0,1.5,87.27891364302072,1.6470873807444177,0.1467679622850734,5,5,1,85.70447412046062,0.09311251045671695,0.16907841641955645,84.91618899304699,,,,True,0.7877865666381832
eo_pre,inband,0.333,0.0,0.8503335880648548,-0.2688793130896495,0.09124406427951143,5,5,1,0.8359935604446256,0.1805815097841515,0.14154087099419457,0.6826592684434127,,,,True,1.0611977768479284
eo_pre,inband,0.333,0.5,0.8503335880648548,0.31043041703502905,0.06263299317821927,5,5,1,0.8407247470148771,0.1808434703629526,0.14169043035629617,0.6911739344543256,,,,True,1.0611977768479284
eo_pre,inband,0.333,1.0,0.8503335880648548,0.8339416531547954,0.0412555342614665,5,5,1,0.8437043819633062,0.18113337158728782,0.14184787902225482,0.7279867976097496,,,,True,1.0611977768479284
eo_pre,inband,0.333,1.5,0.8503335880648548,1.3252799029503088,0.029018180966505113,5,5,1,0.8455101806133265,0.18147544336781574,0.1420324828315074,0.7980337008631337,,,,True,1.0611977768479284
eo_pre,inband,1.0,0.0,2.5510007641945647,0.0104022601648333,0.06510399717266407,5,5,1,2.5079806813338767,0.18057059284732868,0.14102319496191176,2.1909959600340208,0.03762353527302069,-0.06412443955953415,0.06186319076893595,True,0.9649637496594105
eo_pre,inband,1.0,0.5,2.5510007641945647,0.4794845960176626,0.051132541665993736,5,5,1,2.5221742410446315,0.18129253695951655,0.14143349714501613,2.2164208010828146,0.0636462919448265,0.3485258056460656,0.5971325973154543,True,0.9649637496594105
eo_pre,inband,1.0,1.0,2.5510007641945647,0.9617504551429941,0.03694680210940532,5,5,1,2.5311131458899183,0.18208945386654146,0.14186966011003044,2.326375991646085,0.06945189188315003,0.8005953489182227,1.0672913020669734,True,0.9649637496594105
eo_pre,inband,1.0,1.5,2.5510007641945647,1.45791988988874,0.029064480526293603,5,5,1,2.53653054183998,0.18301938371329635,0.1423772090348611,2.535549426541471,0.09261321825675538,1.2468428485576335,1.6042938678380654,True,0.9649637496594105
eo_pre,inband,3.0,0.0,7.653002292583694,0.1364951639704052,0.05918199651554716,5,5,1,7.523942044001632,0.18031068644834672,0.13977457423553905,6.678454355438438,,,,True,0.9812493194701563
eo_pre,inband,3.0,0.5,7.653002292583694,0.5910812191179016,0.04627385699870295,5,5,1,7.566522723133895,0.18218733493452932,0.14082579800551104,6.753710008878893,,,,True,0.9812493194701563
eo_pre,inband,3.0,1.0,7.653002292583694,1.083893599230206,0.033591514308108465,5,5,1,7.593339437669756,0.1842819278056421,0.14196967642765662,7.079420335244888,,,,True,0.9812493194701563
eo_pre,inband,3.0,1.5,7.653002292583694,1.6076399030498976,0.03062029835387427,5,5,1,7.609591625519939,0.18672105681972906,0.14330222548413923,7.698648374013596,,,,True,0.9812493194701563
eo_pre,pooled,0.333,0.0,0.8503335880648548,-0.17361345720771756,0.08280672083523948,5,5,1,1.0964974536507521,0.18057849049382305,0.14147197343574405,0.8443904208816054,,,,True,1.556242130339882
eo_pre,pooled,0.333,0.5,0.8503335880648548,0.7872391443701818,0.04787342717526354,5,5,1,1.0978715321367245,0.18129600153046582,0.14181714667743123,0.8557654010180389,,,,True,1.556242130339882
eo_pre,pooled,0.333,1.0,0.8503335880648548,1.545372619729092,0.029170882865153857,5,5,1,1.0975576732441648,0.18202382927928965,0.14216343820951433,0.8883830169270975,,,,True,1.556242130339882
eo_pre,pooled,0.333,1.5,0.8503335880648548,2.167412268239115,0.01610701522400683,5,5,1,1.0988342784214817,0.18278244615262126,0.14252611421408376,0.95062351861725,,,,True,1.556242130339882
eo_pre,pooled,1.0,0.0,2.5510007641945647,0.041193109024112315,0.06456089664143813,5,5,1,3.2894923609522557,0.18052770409393876,0.1408427550384007,2.673825400356424,,,,True,1.4897775702558904
eo_pre,pooled,1.0,0.5,2.5510007641945647,0.8861070335107911,0.04534695408937305,5,5,1,3.293614596410174,0.18250820125131306,0.14178426819492768,2.7077686626596096,,,,True,1.4897775702558904
eo_pre,pooled,1.0,1.0,2.5510007641945647,1.6297386640727527,0.03131029069892026,5,5,1,3.292673019732494,0.18451141019352998,0.14273057137491824,2.805115058864786,,,,True,1.4897775702558904
eo_pre,pooled,1.0,1.5,2.5510007641945647,2.276278515929942,0.0195950612672341,5,5,1,3.296502835264446,0.18658384860399196,0.14371635595679857,2.990847069306687,,,,True,1.4897775702558904
eo_pre,pooled,3.0,0.0,7.653002292583694,0.1686184349480321,0.05866858421544251,5,5,1,9.868477082856769,0.18010926728136514,0.1393693376664693,8.106779901556983,,,,True,1.418847672967738
eo_pre,pooled,3.0,0.5,7.653002292583694,0.9701911123663638,0.04247100045179271,5,5,1,9.880843789230521,0.18516448598109633,0.14172971699127634,8.207051093452705,,,,True,1.418847672967738
eo_pre,pooled,3.0,1.0,7.653002292583694,1.679724850500057,0.03094065138670688,5,5,1,9.878019059197483,0.19025832050154676,0.14410452048673564,8.494749876220116,,,,True,1.418847672967738
eo_pre,pooled,3.0,1.5,7.653002292583694,2.296853310516364,0.021521509723047994,5,5,1,9.889508505793335,0.19547573772969176,0.14655851801711636,9.043487584534002,,,,True,1.418847672967738
eo_pre,synthetic,0.333,0.0,0.8503335880648548,-0.10958118311528882,0.11354021941547605,3,5,1,0.8451385436307106,0.08273094621059539,0.15626304161644278,0.8598482043024408,,,,True,0.9089340427202908
eo_pre,synthetic,0.333,0.5,0.8503335880648548,0.5552333984019641,0.09087144647941371,5,5,1,0.8452133191308646,0.08282995296565193,0.15637474789854144,0.8646618243333004,,,,True,0.9089340427202908
eo_pre,synthetic,0.333,1.0,0.8503335880648548,0.9648874805089855,0.08543836739034592,5,5,1,0.8437043819633061,0.08292603490894832,0.15648167214060896,0.884580867621283,,,,True,0.9089340427202908
eo_pre,synthetic,0.333,1.5,0.8503335880648548,1.268757527382855,0.0962044972659638,5,5,1,0.842373009339367,0.08302214721405891,0.15658878661055756,0.9254509363875156,,,,True,0.9089340427202908
eo_pre,synthetic,1.0,0.0,2.5510007641945647,-0.03399380126240217,0.06415832858721533,5,5,1,2.5354156308921323,0.08235800466699288,0.1558471413766242,2.5541386844818854,,,,True,0.9206509858478651
eo_pre,synthetic,1.0,0.5,2.5510007641945647,0.5433644480459063,0.07160937213361207,5,5,1,2.5356399573925943,0.08264822661485842,0.15617451879094996,2.5685227633438963,,,,True,0.9206509858478651
eo_pre,synthetic,1.0,1.0,2.5510007641945647,0.9885168934978287,0.08411051591743766,5,5,1,2.5311131458899183,0.0829307126470065,0.1564889994664804,2.62802719463367,,,,True,0.9206509858478651
eo_pre,synthetic,1.0,1.5,2.5510007641945647,1.3520403600000654,0.1076924223303988,5,5,1,2.5271190280181006,0.08321363838432771,0.15680429237432794,2.7500993645333307,,,,True,0.9206509858478651
eo_pre,synthetic,3.0,0.0,7.653002292583694,0.04501499641270157,0.0532998635815206,5,5,1,7.6062468926763955,0.08135589546633719,0.15472328186853707,7.59369802861981,,,,True,0.9091998801905296
eo_pre,synthetic,3.0,0.5,7.653002292583694,0.5784347891974311,0.06702006781634137,5,5,1,7.606919872177783,0.08217443008631546,0.15564655600109104,7.636356439876069,,,,True,0.9091998801905296
eo_pre,synthetic,3.0,1.0,7.653002292583694,1.027775988291521,0.0845983269443278,5,5,1,7.593339437669756,0.08297686666686666,0.15654065258682542,7.812678626837615,,,,True,0.9091998801905296
eo_pre,synthetic,3.0,1.5,7.653002292583694,1.410567730365554,0.11462188853274065,5,5,1,7.581357084054303,0.08378310025797742,0.15743873567004357,8.174243857063479,,,,True,0.9091998801905296
ec_post,inband,0.333,0.0,9.920834153446545,0.05324382886805172,0.019627126371891717,5,5,1,9.718141276589485,0.23613260724856744,0.18487029575966255,8.745239452818623,,,,True,1.0472461124912527
ec_post,inband,0.333,0.5,9.920834153446545,0.5631505148067021,0.021773835296486337,5,5,1,9.72495234540142,0.2392691911448266,0.18701924190995345,8.89157662734208,,,,True,1.0472461124912527
ec_post,inband,0.333,1.0,9.920834153446545,1.0873273817519282,0.023064553551665447,5,5,1,9.740436909659104,0.2426470568897086,0.1890943528575709,9.346486604346113,,,,True,1.0472461124912527
ec_post,inband,0.333,1.5,9.920834153446545,1.623928394038397,0.024404314015704667,5,5,1,9.758920820611072,0.24647641143194954,0.19132472571496573,10.170670040654077,,,,True,1.0472461124912527
ec_post,inband,1.0,0.0,29.76250246033964,0.15400159381521852,0.01686282914440574,5,5,1,29.15442382976846,0.2346540032026844,0.18056018493181392,25.752492802906723,0.03161579104188553,0.06931497995461836,0.1765669931133827,True,1.0865263495754454
ec_post,inband,1.0,0.5,29.76250246033964,0.6712699460457625,0.017808163657217085,5,5,1,29.174857036204262,0.24186704629358874,0.18525017684574488,26.172577422277936,0.03502365883818967,0.5984040533861958,0.7105507574981889,True,1.0865263495754454
ec_post,inband,1.0,1.0,29.76250246033964,1.2196945316119048,0.019190431900010994,5,5,1,29.221310728977315,0.24987078810060162,0.19004858724610632,27.47721527392158,0.0343945104109508,1.1386193262824909,1.2541781866090418,True,1.0865263495754454
ec_post,inband,1.0,1.5,29.76250246033964,1.7820706479189135,0.02638469227415508,5,5,1,29.27676246183322,0.2590000775157889,0.1952955174218094,29.83539629345042,0.04221730044688537,1.661849783129337,1.8094888142215422,True,1.0865263495754454
ec_post,inband,3.0,0.0,89.28750738101891,0.3200842126745625,0.017410675311515585,5,5,1,87.46327148930537,0.2307092849662687,0.17405923974838813,73.0897400437632,,,,True,1.0883003006598895
ec_post,inband,3.0,0.5,89.28750738101891,0.8358381675496623,0.018766202038411,5,5,1,87.52457110861278,0.24544553412088196,0.18313354791051675,74.22706536341606,,,,True,1.0883003006598895
ec_post,inband,3.0,1.0,89.28750738101891,1.395478499548787,0.02368433061601173,5,5,1,87.66393218693193,0.26260971830594393,0.19304809852935229,77.75230322065832,,,,True,1.0883003006598895
ec_post,inband,3.0,1.5,89.28750738101891,1.94737126977467,0.03756667962781148,5,5,1,87.83028738549966,0.2823633364067297,0.2041198580133916,84.0978803478827,,,,True,1.0883003006598895
ec_post,pooled,0.333,0.0,9.920834153446545,0.09324252093873979,0.020748723177854797,5,5,1,14.351363270737709,0.2357940307691515,0.18398715243292996,11.897556415531158,,,,True,1.3819898108735693
ec_post,pooled,0.333,0.5,9.920834153446545,0.8485626012937655,0.01396239885135444,5,5,1,14.354513316856712,0.2440145816901705,0.18810900211452347,11.971680027323327,,,,True,1.3819898108735693
ec_post,pooled,0.333,1.0,9.920834153446545,1.5449722461695579,0.017386905236147762,5,5,1,14.328063455090996,0.25212427677213495,0.19204512601737894,12.26044578889747,,,,True,1.3819898108735693
ec_post,pooled,0.333,1.5,9.920834153446545,2.1644223241027576,0.028988436303640796,5,5,1,14.318526232031022,0.26030405857439903,0.19596958481904192,12.78265600883416,,,,True,1.3819898108735693
ec_post,pooled,1.0,0.0,29.76250246033964,0.22000696057523986,0.017570373040289397,5,5,1,43.054089812213135,0.23371641892731118,0.17913128541641618,34.73750410023695,,,,True,1.2557010025715782
ec_post,pooled,1.0,0.5,29.76250246033964,0.9413286672173401,0.014946170778384716,5,5,1,43.06353995057014,0.2512857197789529,0.18772816053586402,34.94737238698049,,,,True,1.2557010025715782
ec_post,pooled,1.0,1.0,29.76250246033964,1.571376762951802,0.022308310747000275,5,5,1,42.984190365272994,0.2684806095306016,0.196031531983696,35.76499994502432,,,,True,1.2557010025715782
ec_post,pooled,1.0,1.5,29.76250246033964,2.102825932949716,0.032274035100439434,5,5,1,42.95557869609308,0.28551018406303097,0.20427190814197743,37.241733828893835,,,,True,1.2557010025715782
ec_post,pooled,3.0,0.0,89.28750738101891,0.42327250519904763,0.019025828713691507,5,5,1,129.16226943663938,0.2290357331695391,0.17238612582367635,97.09479591765235,,,,True,1.0507399375970365
ec_post,pooled,3.0,0.5,89.28750738101891,1.066694529244738,0.018950287841334613,5,5,1,129.19061985171044,0.26136458646586097,0.18801027466423387,97.64806987307892,,,,True,1.0507399375970365
ec_post,pooled,3.0,1.0,89.28750738101891,1.5882232620252978,0.023897241196560223,5,5,1,128.952571095819,0.2927387538308281,0.2032397781004501,99.8042405458477,,,,True,1.0507399375970365
ec_post,pooled,3.0,1.5,89.28750738101891,2.000662823600589,0.02887276803121386,5,5,1,128.86673608827923,0.32318553289328744,0.21831125302671223,103.69083959502552,,,,True,1.0507399375970365
ec_post,synthetic,0.333,0.0,9.920834153446545,0.05874854183117514,0.028741183809387345,5,5,1,9.762133942679409,0.1315117975403134,0.2086593417219708,9.805296963479051,,,,True,0.9696616050019508
ec_post,synthetic,0.333,0.5,9.920834153446545,0.5945113611681843,0.03965972899899462,5,5,1,9.734497655770003,0.13323694603933242,0.21044547371142902,9.872648274057195,,,,True,0.9696616050019508
ec_post,synthetic,0.333,1.0,9.920834153446545,1.079168557619871,0.05770598950159064,5,5,1,9.740436909659103,0.13489506352888722,0.2121193838544702,10.079425699975761,,,,True,0.9696616050019508
ec_post,synthetic,0.333,1.5,9.920834153446545,1.5132988180171973,0.0715344533208629,5,5,1,9.749166163990719,0.13655623787700838,0.21379278370297378,10.452263248350459,,,,True,0.9696616050019508
ec_post,synthetic,1.0,0.0,29.76250246033964,0.13375793089572866,0.03136093942729845,5,5,1,29.28640182803823,0.12676036113448744,0.20372483821521134,28.737248575802873,,,,True,0.9394375398833524
ec_post,synthetic,1.0,0.5,29.76250246033964,0.6599326658306162,0.04155526372746113,5,5,1,29.203492967310012,0.13112306019707534,0.20820335827932013,28.930825097184204,,,,True,0.9394375398833524
ec_post,synthetic,1.0,1.0,29.76250246033964,1.1291139731192352,0.05664424744515349,5,5,1,29.221310728977315,0.13539290329000234,0.21250983131176815,29.524557969448114,,,,True,0.9394375398833524
ec_post,synthetic,1.0,1.5,29.76250246033964,1.5430933949384429,0.0678862686269131,5,5,1,29.24749849197216,0.13968864865898029,0.2168320149674583,30.594163337642016,,,,True,0.9394375398833524
ec_post,synthetic,3.0,0.0,89.28750738101891,0.2955621632555606,0.03952333504061345,5,5,1,87.85920548411467,0.11840331840387212,0.1948322659922271,81.39503029082604,,,,True,0.846178416068337
ec_post,synthetic,3.0,0.5,89.28750738101891,0.7897486940865137,0.046483403714573414,5,5,1,87.61047890193004,0.12789547771335735,0.20453904947427765,81.91858579992152,,,,True,0.846178416068337
ec_post,synthetic,3.0,1.0,89.28750738101891,1.2099267075060178,0.05457038770372098,5,5,1,87.66393218693193,0.1374061269344019,0.21412138955419752,83.52260397018912,,,,True,0.846178416068337
ec_post,synthetic,3.0,1.5,89.28750738101891,1.5658001855629542,0.060379993305968584,5,5,1,87.74249547591647,0.14703962338903837,0.22377686136865912,86.40876898767277,,,,True,0.846178416068337
eo_post,inband,0.333,0.0,1.1428248240415473,-0.13485038408093983,0.020166286840977325,5,5,1,1.1219798688829892,0.24782319371362935,0.19092340405631175,1.016677975106948,,,,True,1.0745690289680996
eo_post,inband,0.333,0.5,1.1428248240415473,0.44501852769803907,0.024590559575803115,5,5,1,1.1222264865711142,0.24824215040356581,0.19119810328535536,1.0375591950541696,,,,True,1.0745690289680996
eo_post,inband,0.333,1.0,1.1428248240415473,0.9707840329276693,0.028307777485463866,5,5,1,1.1266591539372106,0.24870898780528986,0.1914808959579845,1.0966506811139811,,,,True,1.0745690289680996
eo_post,inband,0.333,1.5,1.1428248240415473,1.4808428291226823,0.03817578154292518,5,5,1,1.1334165086286707,0.24927387365125336,0.19182194603308428,1.20779939613064,,,,True,1.0745690289680996
eo_post,inband,1.0,0.0,3.428474472124642,-0.009753532858943082,0.01689645076454204,5,5,1,3.3659396066489684,0.24780287907775694,0.18999047990023302,3.1362292906493843,0.03511527833796195,-0.06441790638464061,0.06027642910036401,True,1.0390613364010928
eo_post,inband,1.0,0.5,3.428474472124642,0.5095362462399043,0.023433549996340838,5,5,1,3.3666794597133434,0.24897171171446714,0.19073444935950357,3.1985043965868805,0.030944609360858653,0.4550356774501748,0.5648476501479195,True,1.0390613364010928
eo_post,inband,1.0,1.0,3.428474472124642,1.0235662628040791,0.02867929986233351,5,5,1,3.3799774618116323,0.2502681753845732,0.19151656518319946,3.3746895716829344,0.04177804233281348,0.9693972737053647,1.1238693145585334,True,1.0390613364010928
eo_post,inband,1.0,1.5,3.428474472124642,1.5506720222881527,0.04116196500293057,5,5,1,3.4002495258860126,0.25180845064709434,0.19245049274437567,3.7059470392667913,0.05841029395314753,1.4691319124249893,1.6927052413050503,True,1.0390613364010928
eo_post,inband,3.0,0.0,10.285423416373927,0.07113882644532035,0.016964103632361435,5,5,1,10.097818819946905,0.24749173424785392,0.1878538107987247,9.421096937471617,,,,True,1.04680722674062
eo_post,inband,3.0,0.5,10.285423416373927,0.5785375514435346,0.023463146864989563,5,5,1,10.100038379140027,0.2505336087351432,0.1897220891433897,9.604794322991856,,,,True,1.04680722674062
eo_post,inband,3.0,1.0,10.285423416373927,1.1001417031986702,0.02988649180434498,5,5,1,10.139932385434898,0.2539195474794371,0.19173830591093893,10.124140246892484,,,,True,1.04680722674062
eo_post,inband,3.0,1.5,10.285423416373927,1.6419494870946418,0.04436416204221466,5,5,1,10.200748577658036,0.25788422518514037,0.1941244905415794,11.099538908443677,,,,True,1.04680722674062
eo_post,pooled,0.333,0.0,1.1428248240415473,-0.09253284773946348,0.021523452490685532,5,5,1,1.4757601029228575,0.24779202872194891,0.19078711744527388,1.2212344960042665,,,,True,1.3804778731225984
eo_post,pooled,0.333,0.5,1.1428248240415473,0.7106713969199818,0.018114444704823745,5,5,1,1.478736625828882,0.24883090853785989,0.1913184629318835,1.2328263902562093,,,,True,1.3804778731225984
eo_post,pooled,0.333,1.0,1.1428248240415473,1.3878526128848274,0.02571171309861784,5,5,1,1.4793356068974275,0.24988718700891935,0.1918400829827652,1.268600164292147,,,,True,1.3804778731225984
eo_post,pooled,0.333,1.5,1.1428248240415473,1.9825365354765847,0.03698920581814397,5,5,1,1.47545764868503,0.2510019063278405,0.19239161290227633,1.3341370271479494,,,,True,1.3804778731225984
eo_post,pooled,1.0,0.0,3.428474472124642,0.012299804820115879,0.018022161660189856,5,5,1,4.427280308768573,0.2477066960021362,0.18966450255163186,3.745719369448183,,,,True,1.340306543050613
eo_post,pooled,1.0,0.5,3.428474472124642,0.7540460536028357,0.018378508033548197,5,5,1,4.436209877486647,0.2505142397489929,0.19106981942727075,3.7802543646871327,,,,True,1.340306543050613
eo_post,pooled,1.0,1.0,3.428474472124642,1.419800925634188,0.02717239676865237,5,5,1,4.438006820692283,0.2533607573378551,0.19246604096116132,3.886808606271476,,,,True,1.340306543050613
eo_post,pooled,1.0,1.5,3.428474472124642,2.0242257525606866,0.0406881188028462,5,5,1,4.426372946055091,0.256333458090432,0.1939371235065749,4.081966629219133,,,,True,1.340306543050613
eo_post,pooled,3.0,0.0,10.285423416373927,0.09825774148118739,0.016271107935497013,5,5,1,13.281840926305719,0.2472042587492199,0.18718988141344878,11.21448031051327,,,,True,1.2785737106048747
eo_post,pooled,3.0,0.5,10.285423416373927,0.8098391071875009,0.01912231982738023,5,5,1,13.30862963245994,0.2541544697255278,0.19058214887172314,11.31606762280201,,,,True,1.2785737106048747
eo_post,pooled,3.0,1.0,10.285423416373927,1.4464036125114064,0.027532464318551043,5,5,1,13.314020462076849,0.26115473050831584,0.19398450970031553,11.629313734971547,,,,True,1.2785737106048747
eo_post,pooled,3.0,1.5,10.285423416373927,2.0170257573813433,0.0405781758583322,5,5,1,13.279118838165273,0.2683521584100669,0.19754363056323687,12.202695629317995,,,,True,1.2785737106048747
eo_post,synthetic,0.333,0.0,1.1428248240415473,-0.06836534054187662,0.12125212825759613,5,5,1,1.126208701780473,0.1316799502601471,0.20532693918280928,1.1733572128306655,,,,True,0.9073715001109369
eo_post,synthetic,0.333,0.5,1.1428248240415473,0.5162016577642422,0.08850093950063823,5,5,1,1.1276403560187835,0.13188335015308808,0.2055436798821492,1.1809434577597713,,,,True,0.9073715001109369
eo_post,synthetic,0.333,1.0,1.1428248240415473,0.9484774866190022,0.0977886466303083,5,5,1,1.1266591539372108,0.13207694169850234,0.20574037378237953,1.2046060657714164,,,,True,0.9073715001109369
eo_post,synthetic,0.333,1.5,1.1428248240415473,1.2998285500247646,0.1030578853416607,5,5,1,1.1303048020868718,0.13227079352437698,0.20593660308523423,1.2480427109999286,,,,True,0.9073715001109369
eo_post,synthetic,1.0,0.0,3.428474472124642,-0.01775902752274306,0.06605849663267685,5,5,1,3.378626105341419,0.13091367170265672,0.2045317565182411,3.4968703760750977,,,,True,0.9272818974780217
eo_post,synthetic,1.0,0.5,3.428474472124642,0.5082883694474404,0.06701200623003814,5,5,1,3.3829210680563504,0.13150564481817253,0.20515893600795637,3.5194993022428407,,,,True,0.9272818974780217
eo_post,synthetic,1.0,1.0,3.428474472124642,0.9700531461229414,0.08464024034291963,5,5,1,3.3799774618116323,0.13207184403853153,0.2057340744197904,3.5900651933396643,,,,True,0.9272818974780217
eo_post,synthetic,1.0,1.5,3.428474472124642,1.3737892093821258,0.09697464571116873,5,5,1,3.390914406260615,0.1326393315550944,0.20630852362627702,3.719578642756093,,,,True,0.9272818974780217
eo_post,synthetic,3.0,0.0,10.285423416373927,0.022333364042843386,0.05580740831164635,5,5,1,10.13587831602426,0.1288750640059173,0.20242060935224665,10.385994549266927,,,,True,0.9303703221089005
eo_post,synthetic,3.0,0.5,10.285423416373927,0.5338484989044061,0.06067956752507673,5,5,1,10.148763204169054,0.13051709540497622,0.20414303068718082,10.452769514489344,,,,True,0.9303703221089005
eo_post,synthetic,3.0,1.0,10.285423416373927,1.0002757973638197,0.07920098840799276,5,5,1,10.139932385434898,0.13210442301898456,0.20575474346318545,10.660870572027699,,,,True,0.9303703221089005
eo_post,synthetic,3.0,1.5,10.285423416373927,1.4174748014045395,0.09271104886742355,5,5,1,10.172743218781845,0.13369910849166533,0.20736873890058485,11.042646314170716,,,,True,0.9303703221089005
