scenario,lambda_true,rep,n,r_half_eo,r_half_ec,sd_dlnb_eo,sd_dlnb_ec,sd_dlnt_eo,sd_dlnt_ec,sd_z,rel_z_halves,halves_total,halves_background,rel_z_thirds,thirds
common,0.0,0,2400,0.6590181364375276,0.5761317552749493,0.25334545349875537,0.16248887689676825,0.34757354078509856,0.25169355028347246,0.49225638023327123,0.8134755416850159,0.35937051074519555,-0.04972604375285423,0.7507573321189197,0.05932796922216668
common,0.0,1,2400,0.6381020058665138,0.5786779335270861,0.248839804018482,0.15726900171956676,0.3368207431512002,0.24587297097582303,0.47757593133269,0.8107201418761317,0.5589190711213275,0.09733786801651152,0.7356711407763313,0.23904661289538603
common,0.0,2,2400,0.6557231622322632,0.5940384770239314,0.24944173206048126,0.15838741128055653,0.33586617561027543,0.24452990925981133,0.48667268942379166,0.8194125015922081,0.31155031491096996,-0.06514551368260922,0.7544628759433278,0.00798528841164689
common,0.0,3,2400,0.6546473568341367,0.575084561475534,0.24555517921101477,0.16301215927574336,0.3306855314549984,0.2477259637740745,0.5010324292793162,0.8225194288497617,0.3920005919518067,-0.003794393078469207,0.7535167990378705,0.09996153958612711
common,0.0,4,2400,0.6661116597776804,0.5806319849623016,0.24893536913145164,0.16041956565914411,0.3377911991457925,0.2600780996310381,0.47816078519355704,0.8134747723562026,0.393698096560042,-0.0236579022309826,0.725290678216743,0.0552666956989924
common,0.5,0,2400,0.6664413689542713,0.6123303667567812,0.25313525262520475,0.16621286296163043,0.33613204834758786,0.26020487156288125,0.49568985107064584,0.8086057423618495,0.9462207872933179,0.3726564410510489,0.7543831803069296,0.6023853235716825
common,0.5,1,2400,0.6526590464251032,0.5763857968187822,0.25326669470749535,0.16154164552223715,0.32633851334090946,0.25188639709919336,0.5019357655111755,0.8216276275387709,0.9327776843653545,0.39606396195491494,0.7589320298668766,0.6020181071389141
common,0.5,2,2400,0.6619896104621283,0.5629575148830575,0.24734255928038199,0.15939886221549535,0.3324670325665261,0.2510210017158395,0.4748180863180767,0.8127706995009717,0.9145420881092603,0.3197650482930206,0.7398153626798772,0.5559063442690195
common,0.5,3,2400,0.670550189809126,0.5675198455558147,0.25103687556721177,0.1646881975763614,0.332583036918581,0.25431553421579595,0.4956688102918355,0.8184282149800026,0.9063046852133821,0.36816222303483487,0.7549850927881113,0.5693268032375286
common,0.5,4,2400,0.656212570385969,0.5909684945237509,0.2497941135444525,0.16097919567699356,0.3355355691154051,0.26020854188312303,0.49481966266885224,0.8221658814295963,0.8557881474847477,0.3258347050750124,0.7425115756098792,0.5408134189946074
common,1.0,0,2400,0.6763599853667307,0.6051850908134199,0.2508676246729385,0.16393705535349604,0.3338498383071771,0.25811414623110984,0.5010454020068437,0.8228485766938787,1.3377723137266007,0.7136227339997948,0.760437999564742,1.0137884838775924
common,1.0,1,2400,0.660127773261743,0.5857901786637275,0.25226203606422365,0.16113296064184715,0.3299869528234336,0.264089417438192,0.4891101915735663,0.8132689830210811,1.3241902684128546,0.6969507480053185,0.7480658458152215,1.001081727392679
common,1.0,2,2400,0.6703046682119643,0.5710415685683954,0.2492758659301025,0.158886251396397,0.3327471446629998,0.24931779418337,0.4873027344043447,0.8191326804243003,1.3569187830951746,0.7510959821122435,0.7491993516173193,1.0380393407012165
common,1.0,3,2400,0.6880787316973251,0.5786285979589368,0.25379576975615536,0.16396010073807288,0.33592954400677477,0.2564968994475404,0.5006635284548673,0.8164614049066662,1.3319004007965431,0.6946352543193155,0.7583871626855645,1.0080732869227618
common,1.0,4,2400,0.6681471427959355,0.6036380675213687,0.25149844099983526,0.16268816377886666,0.3269614123252477,0.256955944449718,0.49990214065977173,0.8195280170358772,1.287669683917736,0.6897066577499735,0.7573408548282292,0.9964095347469734
hbn,0.0,0,2400,0.5364451722726603,0.39846411820768995,0.24743846598977445,0.15878684262792542,0.2739807751646749,0.20766889865070173,0.49361245126188846,0.8274903519932396,0.21070168172951098,-0.022784632483002474,0.7561338962594865,0.04608286175365123
hbn,0.0,1,2400,0.564883067217028,0.4187739342223425,0.24791200969544705,0.15980890565752473,0.29427762949627423,0.2112629529033397,0.46746688055081476,0.8151088745119076,0.20052180332462122,-0.1009109925532461,0.7402232011370833,0.0025542690536636023
hbn,0.0,2,2400,0.543509224139012,0.42822204929840224,0.25034276974593245,0.15619486339050123,0.2989103958876342,0.2104989846648427,0.49820127628509175,0.8191564184264065,0.21635712161528461,-0.057499720772027425,0.7594085719056755,0.03065967408166086
hbn,0.0,3,2400,0.5588362086456868,0.38654796597854557,0.2539825278621613,0.15346412745809643,0.2917050257868516,0.20181365110473287,0.47392691316787205,0.8076009356332248,0.26087582238768975,-0.02605527500119704,0.7428720962965772,0.07302918409832723
hbn,0.0,4,2400,0.5352671644932042,0.38990038405338867,0.24701460379884294,0.15514748892706362,0.2896290819162169,0.20966803911554044,0.4897447716323632,0.8173473174906709,0.2471936619075931,-0.045115755555654134,0.7510621392205542,0.06483329109014012
hbn,0.5,0,2400,0.5654309367280196,0.3788859610599282,0.2531871315793879,0.1538097974594266,0.2779319260725281,0.208532075120366,0.481729843927022,0.8160925294804314,0.7567736088941146,0.34453528776596,0.7476632735667423,0.5589136788275034
hbn,0.5,1,2400,0.5384376352316259,0.3927785729319236,0.24759800345600422,0.15949840908052865,0.28796436242373985,0.21589919088684945,0.49169560258938527,0.8152461219470312,0.7683142187400653,0.3539722986198448,0.7501876823912053,0.574186857742073
hbn,0.5,2,2400,0.5416116981600522,0.39246679134570145,0.24374912089792328,0.1619732591946344,0.28642508852775694,0.2125624411313245,0.4939883888863153,0.825314820766577,0.7433064725872692,0.3310621235825601,0.749778903015029,0.5488929101005667
hbn,0.5,3,2400,0.5562589748555824,0.39084199211556053,0.2506641620356874,0.1607796078634003,0.28065069834292744,0.21266809730857414,0.48011146917526165,0.813782264055734,0.7695418365882112,0.34928323137248557,0.7489993680695304,0.5582744995076317
hbn,0.5,4,2400,0.5466400545389007,0.39600807883516775,0.2481157845248405,0.15770098876259253,0.28000473926418806,0.2075745105659118,0.48818053212367146,0.8163299103358215,0.7301177117050062,0.28912215507218053,0.7552498067365514,0.49764321273734335
hbn,1.0,0,2400,0.577692432585685,0.3536691917987083,0.2553479504124879,0.1564503619166232,0.29053881965164,0.2093882264577724,0.5005698021967969,0.8184960579075113,1.2288745371273078,0.7206054752010568,0.7660487983218659,1.0219361286123234
hbn,1.0,1,2400,0.5694272883269741,0.37407061371554967,0.24921727112060696,0.15210333188846328,0.28355671854690345,0.20786620952669227,0.49257790560852477,0.8369597419625493,1.210365403716773,0.7183378760635007,0.7670595006032054,1.0086992402042372
hbn,1.0,2,2400,0.5661402010774599,0.39157374250034704,0.2508187435376723,0.15570921982824112,0.2816865282332259,0.21359473109296656,0.5035154666673323,0.8264662827525756,1.2350149237306973,0.7570978814615401,0.7671975696876049,1.0365066908423428
hbn,1.0,3,2400,0.55324168879346,0.38276548246641806,0.2467301456365199,0.15369750411583952,0.2901586153588125,0.2122223278119744,0.4870458765248573,0.8249383706673278,1.1963478515421089,0.6791109111969017,0.759278914549821,0.9844094504835371
hbn,1.0,4,2400,0.5427029559743453,0.36508387313717816,0.25247650817464723,0.158024518009747,0.2850585441212595,0.21812828465542292,0.5037809352542282,0.8228043586028164,1.2219995157634491,0.7095199555801228,0.7689563503978105,1.006823037082253
stationary,0.0,0,2400,0.015903593335116963,0.10768819421265076,0.08746519846423167,0.057114684116831536,0.23069822515585453,0.189135716190246,0.45085742926426836,0.9727606166815289,0.15699460810828422,0.13238847146114371,0.9585387695485049,0.14263728638459183
stationary,0.0,1,2400,0.01169917817993357,0.06604662438673643,0.08803926621372471,0.05653500427394168,0.2452280223755718,0.19586324600425264,0.4481727924868515,0.9730863281827293,0.0742116877103592,0.05393551541287228,0.9581282786561811,0.06749364240778732
stationary,0.0,2,2400,0.05283955942601878,0.14858883290084118,0.08638371136772051,0.056688987686855014,0.23184544542505986,0.19041980076804402,0.44896761823520376,0.9734820404868079,-0.03551480926995429,-0.06981960549419756,0.9616157166486419,-0.05325209105462831
stationary,0.0,3,2400,0.0494719132175767,0.09311504456135236,0.08634271634598628,0.05524020260664839,0.22605633241418432,0.18534261919052272,0.4584105170169631,0.9746200023258981,0.12351317376336364,0.09656777828991163,0.9609990474041364,0.11035482364485324
stationary,0.0,4,2400,0.047828290208549396,0.12402968553423724,0.08568334793511072,0.058312428555363456,0.2348315878978901,0.19377119107887397,0.45671125374154253,0.974003997658221,0.0005154278829242694,-0.015957835774812364,0.9619538949447158,-0.00326868882909085
stationary,0.5,0,2400,0.027102725456575456,0.11376224847963291,0.08766753620067218,0.05807980434746232,0.22928169876312549,0.19289081849504253,0.4538236377128208,0.9727207089361013,0.6204873788990751,0.5764851567347441,0.9593493844627646,0.6105440382458506
stationary,0.5,1,2400,0.06721403391344623,0.13671916322508873,0.08829371697651163,0.057714220185259374,0.22885131644575335,0.19766303060159127,0.4523093264590095,0.9733894303208239,0.569594017609597,0.5263126407966942,0.9601479148085351,0.5572810213447358
stationary,0.5,2,2400,0.04887154608786993,0.13371871270290064,0.08588681115048373,0.05780509457323086,0.22201189264547225,0.19616063464121627,0.4568984615475053,0.9738448046798238,0.5281524832099722,0.48445733989976714,0.9595310603941615,0.5120717386307487
stationary,0.5,3,2400,0.015445435497641165,0.13937775825186202,0.08797735963688193,0.0580057258060911,0.22382290972716118,0.1919560529540885,0.4577870303386791,0.9731198898747146,0.5295694430252063,0.48976651711939834,0.961312911444121,0.5216749251230163
stationary,0.5,4,2400,0.009288348661257412,0.14391806959734424,0.08474091050691265,0.057022499804926116,0.22511929252367813,0.19332276920247157,0.45574925852184406,0.97513195521012,0.5386791308436785,0.504488259138493,0.9616002561895604,0.5251638418614112
stationary,1.0,0,2400,0.08376993235879773,0.15636746922248307,0.08857756380599625,0.06462078193589446,0.22530411380070722,0.2004876214512481,0.46499255458839767,0.9737838926849901,1.0635152671301709,1.0068844920053375,0.9588530151779583,1.0530387236416197
stationary,1.0,1,2400,0.03767900598977976,0.2027834508086807,0.09197576953011491,0.061648905874063256,0.2269760038167954,0.20019289138415775,0.4713382095157297,0.9722836853650587,1.1007453299772703,1.0392116400776867,0.9592196089765507,1.0897704064427862
stationary,1.0,2,2400,0.03847752545957488,0.19634682261506703,0.08755793389623781,0.05900513449983535,0.23003035905945227,0.19679214958600885,0.4628781675921112,0.9739904595147845,1.0419368401876692,0.9847612934931553,0.9598060579828601,1.0268956954900772
stationary,1.0,3,2400,0.012699328700300062,0.18740981598475345,0.08864941975931148,0.06235184642682717,0.23009867074642848,0.203561986740031,0.46130300246073386,0.9724338764350815,1.0655048338848359,1.0104577747087622,0.958840183887225,1.0513222357886864
stationary,1.0,4,2400,0.026638439799781716,0.20265224871019907,0.09279452559839697,0.06471344742114189,0.22417425231696952,0.20404262423857408,0.46857512578510707,0.9716365565660029,1.081687529431503,1.0182225523355717,0.9607083992060254,1.0715672239451013
