dataset,spec,model,instrument,n,lam,lo,hi,boot_sd,boot_fail,n_roots,roots
SRM,"eyes closed, later session",fixed,total,41,0.32723435702167875,0.016827975815988997,0.6195580795965571,0.14190347039716766,0.0,1,0.327
SRM,"eyes closed, later session",fixed,background,41,0.26673775026818425,-0.04214500821642311,0.4783909775815659,0.13437264823342007,0.0,1,0.267
SRM,"eyes closed, later session",knee_plateau,total,41,0.17834841172008353,-0.07165807632181914,0.47985343996189733,0.14913966622295963,0.0,1,0.178
SRM,"eyes closed, later session",knee_plateau,background,41,0.11033919120488435,-0.11521786965357707,0.3256288758513597,0.11984865725294755,0.0,1,0.110
Dortmund,"eyes closed, 5 years",fixed,total,197,0.8740442618462556,0.6140000209924574,1.1456478959734306,0.14005743969427664,0.0,1,0.874
Dortmund,"eyes closed, 5 years",fixed,background,197,0.7924277612443189,0.5302328850616128,1.044397555653644,0.12924521759554913,0.0,1,0.792
Dortmund,"eyes closed, 5 years",knee_plateau,total,197,0.9875622375292046,0.6495427803670548,1.3257410523385504,0.1747934937003337,0.0,1,0.988
Dortmund,"eyes closed, 5 years",knee_plateau,background,197,0.8219553152157991,0.52021775390182,1.0958964864159828,0.15032117997143385,0.0,1,0.822
Dortmund,"eyes open, 5 years",fixed,total,198,0.2750964470521787,-0.09270237093425261,2.94312501364943,1.0540962466389232,0.0,3,-0.323 0.275 2.892
Dortmund,"eyes open, 5 years",fixed,background,198,0.21374600611835068,-0.21091013330307093,2.9349125369464764,0.9092401295552495,0.010000000000000009,3,-0.704 0.214 2.947
Dortmund,"eyes open, 5 years",knee_plateau,total,198,,-0.9009794147026434,1.7570125033309199,0.6621597321036385,0.8666666666666667,0,
Dortmund,"eyes open, 5 years",knee_plateau,background,198,,-0.9424246283344049,0.4774701151307609,0.41806903171681853,0.9366666666666666,0,
Chennu 2016,"posterior, censor 6-16, baseline -> moderate",fixed,total,20,0.9826171504602599,-0.13770306296210968,1.9699509699303057,0.546089144400345,0.0,1,0.983
Chennu 2016,"posterior, censor 6-16, baseline -> moderate",fixed,background,20,0.9339668104198469,-0.1588915666614148,1.8912624639905355,0.5302727856005937,0.0,1,0.934
Chennu 2016,"frontal, censor 6-16, baseline -> moderate",fixed,total,20,0.3284817793713123,-0.7931598306471375,1.7755453478374517,0.6786005917651441,0.050000000000000044,1,0.328
Chennu 2016,"frontal, censor 6-16, baseline -> moderate",fixed,background,20,0.2780780155775987,-0.8151476702142777,1.6624600464709067,0.6487479823689482,0.053333333333333344,1,0.278
Chennu 2016,"posterior, censor 6-25, baseline -> moderate",fixed,total,20,1.2144475435830413,0.18895961496501895,2.4148003763941746,0.5588234984574294,0.00666666666666671,1,1.214
Chennu 2016,"posterior, censor 6-25, baseline -> moderate",fixed,background,20,1.135464036989629,0.15609654920579213,2.2741871123124198,0.5471926927820633,0.0,1,1.135
Chennu 2016,"frontal, censor 6-25, baseline -> moderate",fixed,total,20,0.8800652722633396,-0.5913429571290985,2.4733214334062033,0.7841190945226441,0.020000000000000018,1,0.880
Chennu 2016,"frontal, censor 6-25, baseline -> moderate",fixed,background,20,0.8021534096108147,-0.5879086837596954,2.2455756869083174,0.749355888123705,0.013333333333333308,1,0.802
