dataset,recording,band,flanks,n_units,resid_pct,track,track_lo,track_hi,lam,n_roots,lo,hi,fail,r
Dortmund,ec_pre,31-35,"23-27, 39-45",599,-7.290981229247699,1.0015860834400283,0.9467326449403264,1.0547862403190185,0.6071343088113089,2,0.1316662017836133,0.9413139800931952,0.2299999999999999,0.1648854737200943
Dortmund,ec_pre,36-40,"28-32, 44-48",599,-6.888040350204714,1.003180447662142,0.9448066324716814,1.071751005917965,0.5659420791391614,2,0.1051807696966102,0.9175587696544876,0.255,0.152118707764813
Dortmund,eo_pre,31-35,"23-27, 39-45",533,-7.393733836536645,0.8821414191907561,0.8193357813832312,0.9447077355046368,,0,,,0.975,0.1805447577745079
Dortmund,eo_pre,36-40,"28-32, 44-48",533,-5.443978048666296,1.036028419809119,0.9679406225919291,1.1037397799415414,0.1494846633879893,2,-0.2057481206689058,0.6640176217619916,0.01,0.1447385673741322
Dortmund,ec_post,31-35,"23-27, 39-45",606,-5.936962517222823,0.9361302402239244,0.8915356793492233,0.9741632448608226,,0,,,0.99,0.2363422133458549
Dortmund,ec_post,36-40,"28-32, 44-48",606,-7.066349319329636,1.014195935199657,0.9759787565187829,1.0460783690526732,0.4013109702022656,2,0.1492651375284915,0.7368272310376063,0.0899999999999999,0.2032163057238262
Dortmund,eo_post,31-35,"23-27, 39-45",545,-4.79282954002524,0.94367864295832,0.8948217853754687,0.9953025170954908,,0,0.3066601806345196,1.1857246766390186,0.895,0.2477798131959877
Dortmund,eo_post,36-40,"28-32, 44-48",545,-5.025963087792984,0.9869870353780652,0.9444649074140812,1.023197956779969,,0,0.1773852388579551,1.0491417656183222,0.4599999999999999,0.2379347531793025
ds003690,eyes open,31-35,"23-27, 39-45",48,5.3327260952958495,0.8332637460208642,0.6349363535336582,0.9264776051341054,,0,1.3211908931698857,2.4350315133820972,0.5449999999999999,0.640310091481691
ds003690,eyes open,36-40,"28-32, 44-48",48,51.44425965606621,0.8023104034268043,0.6249694288296116,0.8861727913937683,,0,,,0.975,0.6478023289392035
