dataset,recording,flanks,primary,n_units,lam,lo,hi,fail,r
Dortmund,ec_pre,"2-6, 26-32",True,599,1.6642851161783616,1.5732936802307913,1.778516251926124,0.0,0.211649821628663
Dortmund,ec_pre,"2-6, 26-36",False,599,1.6418275073279835,1.526749735736105,1.769943318249258,0.0,0.2247246207844918
Dortmund,ec_pre,"3-6, 26-32",False,599,1.670259232676281,1.5315536705714192,1.7924001811795771,0.0,0.1889233853401127
Dortmund,ec_pre,"2-5, 26-32",False,599,1.631384689034633,1.495232154000636,1.749165529099572,0.0,0.1942642469117021
Dortmund,ec_pre,"2-6, 28-36",False,599,1.6371471560955746,1.5097428175296832,1.760510283541572,0.0,0.2136094919455129
Dortmund,eo_pre,"2-6, 26-32",True,533,0.2706537002974064,0.104945954857713,0.4506838633032276,0.0,0.3610653434860222
Dortmund,eo_pre,"2-6, 26-36",False,533,0.2014718178195487,0.0542403949519898,0.3509153018489688,0.0,0.3921931568608996
Dortmund,eo_pre,"3-6, 26-32",False,533,0.3080235705822743,0.1603450105549194,0.4627676800170257,0.0,0.3179801933625388
Dortmund,eo_pre,"2-5, 26-32",False,533,0.2270787106841413,0.0906592363439347,0.3822667218396384,0.0,0.3490718801974223
Dortmund,eo_pre,"2-6, 28-36",False,533,0.1683964230247383,0.0335727356933552,0.3076918702403693,0.0,0.3837540461571661
Dortmund,ec_post,"2-6, 26-32",True,606,1.358143975848589,1.2691609084193385,1.4711551300651315,0.0,0.271822833603395
Dortmund,ec_post,"2-6, 26-36",False,606,1.3332186047629466,1.2348819778384257,1.4371178505104878,0.0,0.2852469211794413
Dortmund,ec_post,"3-6, 26-32",False,606,1.3389045015700325,1.2186559718105523,1.4554696771957898,0.0,0.2485871302071921
Dortmund,ec_post,"2-5, 26-32",False,606,1.3607684349136582,1.2437550144439615,1.465248339749713,0.0,0.2416225170853616
Dortmund,ec_post,"2-6, 28-36",False,606,1.3024656769699297,1.1950590173836284,1.3894152499116073,0.0,0.2769426693003304
Dortmund,eo_post,"2-6, 26-32",True,545,0.4910699000987975,0.313122432236751,0.681102691263985,0.0,0.446125529824749
Dortmund,eo_post,"2-6, 26-36",False,545,0.4311224683862005,0.2525847011046612,0.6155889886354651,0.0,0.4738591708799159
Dortmund,eo_post,"3-6, 26-32",False,545,0.5732214344522172,0.3679768221306091,0.77168086421347,0.0,0.3915588996329754
Dortmund,eo_post,"2-5, 26-32",False,545,0.4372865333607482,0.2498846965964332,0.6033311380737282,0.0,0.4299781176682664
Dortmund,eo_post,"2-6, 28-36",False,545,0.4052457988251651,0.2133286756087162,0.595031739030005,0.0,0.4628245590373883
ds003690,eyes open,"2-6, 26-32",True,48,0.40822814755999287,0.13129715786514434,1.0663658270623282,0.0,0.6500325690127798
ds003690,eyes open,"2-6, 26-36",False,48,0.2906927989094052,0.07459908252357436,1.016092311718381,0.0,0.6693390151440305
ds003690,eyes open,"3-6, 26-32",False,48,0.46348928068008305,0.12005445200112778,1.0661376746335838,0.0,0.599268096418815
ds003690,eyes open,"2-5, 26-32",False,48,0.3512112288435671,0.10778013565521037,0.896229147959986,0.0,0.6502466579854079
ds003690,eyes open,"2-6, 28-36",False,48,0.3148481969488296,0.08976905002872367,0.9616987277445017,0.0,0.6702111593687899
